survived,pclass,sex,age,sibsp,parch,fare,embarked,class,who,adult_male,embark_town,alive,alone,age_zscore,fare_zscore
0,3,male,22.0,1,0,7.25,S,Third,man,True,Southampton,no,False,-0.563356950237803,-0.4999583222338398
1,1,female,38.0,1,0,71.2833,C,First,woman,False,Cherbourg,yes,False,0.668840464281964,0.7885027560515833
1,3,female,26.0,0,0,7.925,S,Third,woman,False,Southampton,yes,True,-0.25530759660786123,-0.4863761512721267
1,1,female,35.0,1,0,53.1,S,First,woman,False,Southampton,yes,False,0.4378034490595077,0.4226232164247433
0,3,male,35.0,0,0,8.05,S,Third,man,True,Southampton,no,True,0.4378034490595077,-0.48386093442736505
0,3,male,28.0,0,0,8.4583,Q,Third,man,True,Queenstown,no,True,-0.10128291979289035,-0.4756452301256355
0,1,male,54.0,0,0,51.8625,S,First,man,True,Southampton,no,True,1.9010378788017308,0.39772256966160263
0,3,male,2.0,3,1,21.075,S,Third,child,False,Southampton,no,False,-2.1036037183875114,-0.22177533920319834
1,3,female,27.0,0,2,11.1333,S,Third,woman,False,Southampton,yes,False,-0.17829525820037578,-0.42181958964773564
1,2,female,14.0,1,0,30.0708,C,Second,child,False,Cherbourg,yes,False,-1.1794556574976864,-0.04076423766634161
1,3,female,4.0,1,1,16.7,S,Third,child,False,Southampton,yes,False,-1.9495790415725407,-0.309807928769857
1,1,female,58.0,0,0,26.55,S,First,woman,False,Southampton,yes,True,2.209087232431673,-0.11160884140263685
0,3,male,20.0,0,0,8.05,S,Third,man,True,Southampton,no,True,-0.7173816270527738,-0.48386093442736505
0,3,male,39.0,1,5,31.275,S,Third,man,True,Southampton,no,False,0.7458528026894494,-0.016533644670645515
0,3,female,14.0,0,0,7.8542,S,Third,child,False,Southampton,no,True,-1.1794556574976864,-0.48780077009299977
1,2,female,55.0,0,0,16.0,S,Second,woman,False,Southampton,yes,True,1.9780502172092163,-0.3238931431005224
0,3,male,2.0,4,1,29.125,Q,Third,child,False,Queenstown,no,False,-2.1036037183875114,-0.05979537440054633
1,2,male,28.0,0,0,13.0,S,Second,man,True,Southampton,yes,True,-0.10128291979289035,-0.38425834737480263
0,3,female,31.0,1,0,18.0,S,Third,woman,False,Southampton,no,False,0.12975409542956595,-0.28364967358433557
1,3,female,28.0,0,0,7.225,C,Third,woman,False,Cherbourg,yes,True,-0.10128291979289035,-0.5004613656027921
0,2,male,35.0,0,0,26.0,S,Second,man,True,Southampton,no,True,0.4378034490595077,-0.12267579551958825
1,2,male,34.0,0,0,13.0,S,Second,man,True,Southampton,yes,True,0.36079111065202224,-0.38425834737480263
1,3,female,15.0,0,0,8.0292,Q,Third,child,False,Queenstown,yes,True,-1.102443319090201,-0.4842794665103334
1,1,male,28.0,0,0,35.5,S,First,man,True,Southampton,yes,True,-0.10128291979289035,0.06848068468229919
0,3,female,8.0,3,1,21.075,S,Third,child,False,Southampton,no,False,-1.641529687942599,-0.22177533920319834
1,3,female,38.0,1,5,31.3875,S,Third,woman,False,Southampton,yes,False,0.668840464281964,-0.014269949510359993
0,3,male,28.0,0,0,7.225,C,Third,man,True,Cherbourg,no,True,-0.10128291979289035,-0.5004613656027921
0,1,male,19.0,3,2,263.0,S,First,man,True,Southampton,no,False,-0.7943939654602592,4.646175342148551
1,3,female,28.0,0,0,7.8792,Q,Third,woman,False,Queenstown,yes,True,-0.10128291979289035,-0.48729772672404736
0,3,male,28.0,0,0,7.8958,S,Third,man,True,Southampton,no,True,-0.10128291979289035,-0.486963705927063
0,1,male,40.0,0,0,27.7208,C,First,man,True,Cherbourg,no,True,0.8228651410969349,-0.08805031434786109
1,1,female,28.0,1,0,146.5208,C,First,woman,False,Cherbourg,yes,False,-0.10128291979289035,2.3024117749136366
1,3,female,28.0,0,0,7.75,Q,Third,woman,False,Queenstown,yes,True,-0.10128291979289035,-0.4898974548547931
0,2,male,66.0,0,0,10.5,S,Second,man,True,Southampton,no,True,2.8251859396915564,-0.4345626842700362
0,1,male,28.0,1,0,82.1708,C,First,man,True,Cherbourg,no,False,-0.10128291979289035,1.0075781432303252
0,1,male,42.0,1,0,52.0,S,First,man,True,Southampton,no,False,0.9768898179119057,0.40048930819084055
1,3,male,28.0,0,0,7.2292,C,Third,man,True,Cherbourg,yes,True,-0.10128291979289035,-0.5003768543168081
0,3,male,21.0,0,0,8.05,S,Third,man,True,Southampton,no,True,-0.6403692886452884,-0.48386093442736505
0,3,female,18.0,2,0,18.0,S,Third,woman,False,Southampton,no,False,-0.8714063038677446,-0.28364967358433557
1,3,female,14.0,1,0,11.2417,C,Third,child,False,Cherbourg,yes,False,-1.1794556574976864,-0.41963839359995825
0,3,female,40.0,1,0,9.475,S,Third,woman,False,Southampton,no,False,0.8228651410969349,-0.4551874623970819
0,2,female,27.0,1,0,21.0,S,Second,woman,False,Southampton,no,False,-0.17829525820037578,-0.22328446931005533
0,3,male,28.0,0,0,7.8958,C,Third,man,True,Cherbourg,no,True,-0.10128291979289035,-0.486963705927063
1,2,female,3.0,1,2,41.5792,C,Second,child,False,Cherbourg,yes,False,-2.026591379980026,0.19080473462370068
1,3,female,19.0,0,0,7.8792,Q,Third,woman,False,Queenstown,yes,True,-0.7943939654602592,-0.48729772672404736
0,3,male,28.0,0,0,8.05,S,Third,man,True,Southampton,no,True,-0.10128291979289035,-0.48386093442736505
0,3,male,28.0,1,0,15.5,Q,Third,man,True,Queenstown,no,False,-0.10128291979289035,-0.33395401047956913
1,3,female,28.0,0,0,7.75,Q,Third,woman,False,Queenstown,yes,True,-0.10128291979289035,-0.4898974548547931
0,3,male,28.0,2,0,21.6792,C,Third,man,True,Cherbourg,no,False,-0.10128291979289035,-0.20961778706235826
0,3,female,18.0,1,0,17.8,S,Third,woman,False,Southampton,no,False,-0.8714063038677446,-0.28767402053595426
0,3,male,7.0,4,1,39.6875,S,Third,child,False,Southampton,no,False,-1.7185420263500844,0.15274044898181535
0,3,male,21.0,0,0,7.8,S,Third,man,True,Southampton,no,True,-0.6403692886452884,-0.4888913681168884
1,1,female,49.0,1,0,76.7292,C,First,woman,False,Cherbourg,yes,False,1.5159761867643038,0.8980837113706843
1,2,female,29.0,1,0,26.0,S,Second,woman,False,Southampton,yes,False,-0.024270581385404912,-0.12267579551958825
0,1,male,65.0,0,1,61.9792,C,First,man,True,Cherbourg,no,False,2.748173601284071,0.6012881236888064
1,1,male,28.0,0,0,35.5,S,First,man,True,Southampton,yes,True,-0.10128291979289035,0.06848068468229919
1,2,female,21.0,0,0,10.5,S,Second,woman,False,Southampton,yes,True,-0.6403692886452884,-0.4345626842700362
0,3,male,28.5,0,0,7.2292,C,Third,man,True,Cherbourg,no,True,-0.06277675058914763,-0.5003768543168081
1,2,female,5.0,1,2,27.75,S,Second,child,False,Southampton,yes,False,-1.8725667031650552,-0.08746275969292477
0,3,male,11.0,5,2,46.9,S,Third,child,False,Southampton,no,False,-1.4104926727201428,0.2978684609245641
0,3,male,22.0,0,0,7.2292,C,Third,man,True,Cherbourg,no,True,-0.563356950237803,-0.5003768543168081
0,1,male,45.0,1,0,83.475,S,First,man,True,Southampton,no,False,1.207926833134362,1.0338209097018307
0,3,male,4.0,3,2,27.9,S,Third,child,False,Southampton,no,False,-1.9495790415725407,-0.08444449947921079
0,1,male,28.0,0,0,27.7208,C,First,man,True,Cherbourg,no,True,-0.10128291979289035,-0.08805031434786109
1,3,male,28.0,1,1,15.2458,C,Third,man,True,Cherbourg,yes,False,-0.10128291979289035,-0.3390689554550765
1,2,female,29.0,0,0,10.5,S,Second,woman,False,Southampton,yes,True,-0.024270581385404912,-0.4345626842700362
0,3,male,19.0,0,0,8.1583,S,Third,man,True,Southampton,no,True,-0.7943939654602592,-0.4816817505530635
1,3,female,17.0,4,2,7.925,S,Third,woman,False,Southampton,yes,False,-0.9484186422752301,-0.4863761512721267
0,3,male,26.0,2,0,8.6625,S,Third,man,True,Southampton,no,False,-0.25530759660786123,-0.4715363718880328
0,2,male,32.0,0,0,10.5,S,Second,man,True,Southampton,no,True,0.20676643383705137,-0.4345626842700362
0,3,female,16.0,5,2,46.9,S,Third,woman,False,Southampton,no,False,-1.0254309806827155,0.2978684609245641
0,2,male,21.0,0,0,73.5,S,Second,man,True,Southampton,no,True,-0.6403692886452884,0.8331066054898489
0,3,male,26.0,1,0,14.4542,C,Third,man,True,Cherbourg,no,False,-0.25530759660786123,-0.3549973206895832
1,3,male,32.0,0,0,56.4958,S,Third,man,True,Southampton,yes,True,0.20676643383705137,0.49095260331627694
0,3,male,25.0,0,0,7.65,S,Third,man,True,Southampton,no,True,-0.3323199350153466,-0.4919096283306024
0,3,male,28.0,0,0,7.8958,S,Third,man,True,Southampton,no,True,-0.10128291979289035,-0.486963705927063
0,3,male,28.0,0,0,8.05,S,Third,man,True,Southampton,no,True,-0.10128291979289035,-0.48386093442736505
1,2,male,0.83,0,2,29.0,S,Second,child,False,Southampton,yes,False,-2.19370815432427,-0.06231059124530801
1,3,female,30.0,0,0,12.475,S,Third,woman,False,Southampton,yes,True,0.05274175702208052,-0.39482225812280164
0,3,male,22.0,0,0,9.0,S,Third,man,True,Southampton,no,True,-0.563356950237803,-0.4647452864071763
1,3,male,29.0,0,0,9.5,S,Third,man,True,Southampton,yes,True,-0.024270581385404912,-0.4546844190281296
1,3,female,28.0,0,0,7.7875,Q,Third,woman,False,Queenstown,yes,True,-0.10128291979289035,-0.48914288980136456
0,1,male,28.0,0,0,47.1,S,First,man,True,Southampton,no,True,-0.10128291979289035,0.30189280787618283
1,2,female,17.0,0,0,10.5,S,Second,woman,False,Southampton,yes,True,-0.9484186422752301,-0.4345626842700362
1,3,female,33.0,3,0,15.85,S,Third,woman,False,Southampton,yes,False,0.2837787722445368,-0.3269114033142364
0,3,male,16.0,1,3,34.375,S,Third,man,True,Southampton,no,False,-1.0254309806827155,0.045843733079444095
0,3,male,28.0,0,0,8.05,S,Third,man,True,Southampton,no,True,-0.10128291979289035,-0.48386093442736505
1,1,female,23.0,3,2,263.0,S,First,woman,False,Southampton,yes,False,-0.4863446118303175,4.646175342148551
0,3,male,24.0,0,0,8.05,S,Third,man,True,Southampton,no,True,-0.40933227342283207,-0.48386093442736505
0,3,male,29.0,0,0,8.05,S,Third,man,True,Southampton,no,True,-0.024270581385404912,-0.48386093442736505
0,3,male,20.0,0,0,7.8542,S,Third,man,True,Southampton,no,True,-0.7173816270527738,-0.48780077009299977
0,1,male,46.0,1,0,61.175,S,First,man,True,Southampton,no,False,1.2849391715418474,0.5851062245963475
0,3,male,26.0,1,2,20.575,S,Third,man,True,Southampton,no,False,-0.25530759660786123,-0.23183620658224505
0,3,male,59.0,0,0,7.25,S,Third,man,True,Southampton,no,True,2.286099570839158,-0.4999583222338398
0,3,male,28.0,0,0,8.05,S,Third,man,True,Southampton,no,True,-0.10128291979289035,-0.48386093442736505
0,1,male,71.0,0,0,34.6542,C,First,man,True,Cherbourg,no,True,3.2102476317289836,0.05146172142390384
1,1,male,23.0,0,1,63.3583,C,First,man,True,Cherbourg,yes,False,-0.4863446118303175,0.6290380080936929
1,2,female,34.0,0,1,23.0,S,Second,woman,False,Southampton,yes,False,0.36079111065202224,-0.18304099979386848
0,2,male,34.0,1,0,26.0,S,Second,man,True,Southampton,no,False,0.36079111065202224,-0.12267579551958825
0,3,female,28.0,0,0,7.8958,S,Third,woman,False,Southampton,no,True,-0.10128291979289035,-0.486963705927063
0,3,male,28.0,0,0,7.8958,S,Third,man,True,Southampton,no,True,-0.10128291979289035,-0.486963705927063
0,1,male,21.0,0,1,77.2875,S,First,man,True,Southampton,no,False,-0.6403692886452884,0.9093176758861277
0,3,male,33.0,0,0,8.6542,S,Third,man,True,Southampton,no,True,0.2837787722445368,-0.47170338228652503
0,3,male,37.0,2,0,7.925,S,Third,man,True,Southampton,no,False,0.5918281258744785,-0.4863761512721267
0,3,male,28.0,0,0,7.8958,S,Third,man,True,Southampton,no,True,-0.10128291979289035,-0.486963705927063
1,3,female,21.0,0,0,7.65,S,Third,woman,False,Southampton,yes,True,-0.6403692886452884,-0.4919096283306024
1,3,male,28.0,0,0,7.775,S,Third,man,True,Southampton,yes,True,-0.10128291979289035,-0.4893944114858408
0,3,male,38.0,0,0,7.8958,S,Third,man,True,Southampton,no,True,0.668840464281964,-0.486963705927063
1,3,female,28.0,1,0,24.15,Q,Third,woman,False,Queenstown,yes,False,-0.10128291979289035,-0.1599010048220611
0,1,male,47.0,0,0,52.0,S,First,man,True,Southampton,no,True,1.361951509949333,0.40048930819084055
0,3,female,14.5,1,0,14.4542,C,Third,child,False,Cherbourg,no,False,-1.1409494882939437,-0.3549973206895832
0,3,male,22.0,0,0,8.05,S,Third,man,True,Southampton,no,True,-0.563356950237803,-0.48386093442736505
0,3,female,20.0,1,0,9.825,S,Third,woman,False,Southampton,no,False,-0.7173816270527738,-0.44814485523174924
0,3,female,17.0,0,0,14.4583,C,Third,woman,False,Cherbourg,no,True,-0.9484186422752301,-0.354914821577075
0,3,male,21.0,0,0,7.925,S,Third,man,True,Southampton,no,True,-0.6403692886452884,-0.4863761512721267
0,3,male,70.5,0,0,7.75,Q,Third,man,True,Queenstown,no,True,3.1717414625252407,-0.4898974548547931
0,2,male,29.0,1,0,21.0,S,Second,man,True,Southampton,no,False,-0.024270581385404912,-0.22328446931005533
0,1,male,24.0,0,1,247.5208,C,First,man,True,Cherbourg,no,False,-0.40933227342283207,4.334706985481072
0,3,female,2.0,4,2,31.275,S,Third,child,False,Southampton,no,False,-2.1036037183875114,-0.016533644670645515
0,2,male,21.0,2,0,73.5,S,Second,man,True,Southampton,no,False,-0.6403692886452884,0.8331066054898489
0,3,male,28.0,0,0,8.05,S,Third,man,True,Southampton,no,True,-0.10128291979289035,-0.48386093442736505
0,2,male,32.5,1,0,30.0708,C,Second,man,True,Cherbourg,no,False,0.2452726030407941,-0.04076423766634161
1,2,female,32.5,0,0,13.0,S,Second,woman,False,Southampton,yes,True,0.2452726030407941,-0.38425834737480263
0,1,male,54.0,0,1,77.2875,S,First,man,True,Southampton,no,False,1.9010378788017308,0.9093176758861277
1,3,male,12.0,1,0,11.2417,C,Third,child,False,Cherbourg,yes,False,-1.3334803343126573,-0.41963839359995825
0,3,male,28.0,0,0,7.75,Q,Third,man,True,Queenstown,no,True,-0.10128291979289035,-0.4898974548547931
1,3,male,24.0,0,0,7.1417,S,Third,man,True,Southampton,yes,True,-0.40933227342283207,-0.5021375061081413
1,3,female,28.0,1,1,22.3583,C,Third,woman,False,Cherbourg,yes,False,-0.10128291979289035,-0.19595311698813705
0,3,male,45.0,0,0,6.975,S,Third,man,True,Southampton,no,True,1.207926833134362,-0.5054917992923155
0,3,male,33.0,0,0,7.8958,C,Third,man,True,Cherbourg,no,True,0.2837787722445368,-0.486963705927063
0,3,male,20.0,0,0,7.05,S,Third,man,True,Southampton,no,True,-0.7173816270527738,-0.5039826691854584
0,3,female,47.0,1,0,14.5,S,Third,woman,False,Southampton,no,False,1.361951509949333,-0.3540757452376625
1,2,female,29.0,1,0,26.0,S,Second,woman,False,Southampton,yes,False,-0.024270581385404912,-0.12267579551958825
0,2,male,25.0,0,0,13.0,S,Second,man,True,Southampton,no,True,-0.3323199350153466,-0.38425834737480263
0,2,male,23.0,0,0,15.0458,C,Second,man,True,Cherbourg,no,True,-0.4863446118303175,-0.3430933024066951
1,1,female,19.0,0,2,26.2833,S,First,woman,False,Southampton,yes,False,-0.7943939654602592,-0.11697530806262038
0,1,male,37.0,1,0,53.1,S,First,man,True,Southampton,no,False,0.5918281258744785,0.4226232164247433
0,3,male,16.0,0,0,9.2167,S,Third,man,True,Southampton,no,True,-1.0254309806827155,-0.46038490648509744
0,1,male,24.0,0,0,79.2,C,First,man,True,Cherbourg,no,True,-0.40933227342283207,0.9478004936109815
0,3,female,28.0,0,2,15.2458,C,Third,woman,False,Cherbourg,no,False,-0.10128291979289035,-0.3390689554550765
1,3,female,22.0,0,0,7.75,S,Third,woman,False,Southampton,yes,True,-0.563356950237803,-0.4898974548547931
1,3,female,24.0,1,0,15.85,S,Third,woman,False,Southampton,yes,False,-0.40933227342283207,-0.3269114033142364
0,3,male,19.0,0,0,6.75,Q,Third,man,True,Queenstown,no,True,-0.7943939654602592,-0.5100191896128865
0,2,male,18.0,0,0,11.5,S,Second,man,True,Southampton,no,True,-0.8714063038677446,-0.41444094951194277
0,2,male,19.0,1,1,36.75,S,Second,man,True,Southampton,no,False,-0.7943939654602592,0.09363285312991595
1,3,male,27.0,0,0,7.7958,S,Third,man,True,Southampton,yes,True,-0.17829525820037578,-0.4889758794028724
0,3,female,9.0,2,2,34.375,S,Third,child,False,Southampton,no,False,-1.5645173495351135,0.045843733079444095
0,2,male,36.5,0,2,26.0,S,Second,man,True,Southampton,no,False,0.5533219566707358,-0.12267579551958825
0,2,male,42.0,0,0,13.0,S,Second,man,True,Southampton,no,True,0.9768898179119057,-0.38425834737480263
0,2,male,51.0,0,0,12.525,S,Second,man,True,Southampton,no,True,1.6700008635792747,-0.39381617138489705
1,1,female,22.0,1,0,66.6,S,First,woman,False,Southampton,yes,False,-0.563356950237803,0.6942666356590043
0,3,male,55.5,0,0,8.05,S,Third,man,True,Southampton,no,True,2.016556386412959,-0.48386093442736505
0,3,male,40.5,0,2,14.5,S,Third,man,True,Southampton,no,False,0.8613713103006776,-0.3540757452376625
0,3,male,28.0,0,0,7.3125,S,Third,man,True,Southampton,no,True,-0.10128291979289035,-0.4987007138114589
0,1,male,51.0,0,1,61.3792,C,First,man,True,Cherbourg,no,False,1.6700008635792747,0.5892150828339502
1,3,female,16.0,0,0,7.7333,Q,Third,woman,False,Queenstown,yes,True,-1.0254309806827155,-0.4902334878252532
0,3,male,30.0,0,0,8.05,S,Third,man,True,Southampton,no,True,0.05274175702208052,-0.48386093442736505
0,3,male,28.0,0,0,8.6625,S,Third,man,True,Southampton,no,True,-0.10128291979289035,-0.4715363718880328
0,3,male,28.0,8,2,69.55,S,Third,man,True,Southampton,no,False,-0.10128291979289035,0.7536257531953799
0,3,male,44.0,0,1,16.1,S,Third,man,True,Southampton,no,False,1.1309144947268766,-0.321880969624713
1,2,female,40.0,0,0,15.75,S,Second,woman,False,Southampton,yes,True,0.8228651410969349,-0.32892357679004575
0,3,male,26.0,0,0,7.775,S,Third,man,True,Southampton,no,True,-0.25530759660786123,-0.4893944114858408
0,3,male,17.0,0,0,8.6625,S,Third,man,True,Southampton,no,True,-0.9484186422752301,-0.4715363718880328
0,3,male,1.0,4,1,39.6875,S,Third,child,False,Southampton,no,False,-2.180616056794997,0.15274044898181535
1,3,male,9.0,0,2,20.525,S,Third,child,False,Southampton,yes,False,-1.5645173495351135,-0.23284229332014972
1,1,female,28.0,0,1,55.0,S,First,woman,False,Southampton,yes,False,-0.10128291979289035,0.46085451246512077
0,3,female,45.0,1,4,27.9,S,Third,woman,False,Southampton,no,False,1.207926833134362,-0.08444449947921079
0,1,male,28.0,0,0,25.925,S,First,man,True,Southampton,no,True,-0.10128291979289035,-0.12418492562644524
0,3,male,28.0,0,0,56.4958,S,Third,man,True,Southampton,no,True,-0.10128291979289035,0.49095260331627694
0,1,male,61.0,0,0,33.5,S,First,man,True,Southampton,no,True,2.4401242476541287,0.02823721516611236
0,3,male,4.0,4,1,29.125,Q,Third,child,False,Queenstown,no,False,-1.9495790415725407,-0.05979537440054633
1,3,female,1.0,1,1,11.1333,S,Third,child,False,Southampton,yes,False,-2.180616056794997,-0.42181958964773564
0,3,male,21.0,0,0,7.925,S,Third,man,True,Southampton,no,True,-0.6403692886452884,-0.4863761512721267
0,1,male,56.0,0,0,30.6958,C,First,man,True,Cherbourg,no,True,2.055062555616702,-0.028188153442533226
0,3,male,18.0,1,1,7.8542,S,Third,man,True,Southampton,no,False,-0.8714063038677446,-0.48780077009299977
0,3,male,28.0,3,1,25.4667,S,Third,man,True,Southampton,no,False,-0.10128291979289035,-0.13340671666607948
0,1,female,50.0,0,0,28.7125,C,First,woman,False,Cherbourg,no,True,1.5929885251717892,-0.06809558998825989
0,2,male,30.0,0,0,13.0,S,Second,man,True,Southampton,no,True,0.05274175702208052,-0.38425834737480263
0,3,male,36.0,0,0,0.0,S,Third,man,True,Southampton,no,True,0.5148157874669931,-0.6458408992300171
0,3,female,28.0,8,2,69.55,S,Third,woman,False,Southampton,no,False,-0.10128291979289035,0.7536257531953799
0,2,male,28.0,0,0,15.05,C,Second,man,True,Cherbourg,no,True,-0.10128291979289035,-0.34300879112071114
0,3,male,9.0,4,2,31.3875,S,Third,child,False,Southampton,no,False,-1.5645173495351135,-0.014269949510359993
1,2,male,1.0,2,1,39.0,S,Second,child,False,Southampton,yes,False,-2.180616056794997,0.13890675633562613
1,3,female,4.0,0,2,22.025,S,Third,child,False,Southampton,yes,False,-1.9495790415725407,-0.2026596911830096
0,1,male,28.0,0,0,50.0,S,First,man,True,Southampton,no,True,-0.10128291979289035,0.3602458386746537
1,3,female,28.0,1,0,15.5,Q,Third,woman,False,Queenstown,yes,False,-0.10128291979289035,-0.33395401047956913
1,1,male,45.0,0,0,26.55,S,First,man,True,Southampton,yes,True,1.207926833134362,-0.11160884140263685
0,3,male,40.0,1,1,15.5,Q,Third,man,True,Queenstown,no,False,0.8228651410969349,-0.33395401047956913
0,3,male,36.0,0,0,7.8958,S,Third,man,True,Southampton,no,True,0.5148157874669931,-0.486963705927063
1,2,female,32.0,0,0,13.0,S,Second,woman,False,Southampton,yes,True,0.20676643383705137,-0.38425834737480263
0,2,male,19.0,0,0,13.0,S,Second,man,True,Southampton,no,True,-0.7943939654602592,-0.38425834737480263
1,3,female,19.0,1,0,7.8542,S,Third,woman,False,Southampton,yes,False,-0.7943939654602592,-0.48780077009299977
1,2,male,3.0,1,1,26.0,S,Second,child,False,Southampton,yes,False,-2.026591379980026,-0.12267579551958825
1,1,female,44.0,0,0,27.7208,C,First,woman,False,Cherbourg,yes,True,1.1309144947268766,-0.08805031434786109
1,1,female,58.0,0,0,146.5208,C,First,woman,False,Cherbourg,yes,True,2.209087232431673,2.3024117749136366
0,3,male,28.0,0,0,7.75,Q,Third,man,True,Queenstown,no,True,-0.10128291979289035,-0.4898974548547931
0,3,male,42.0,0,1,8.4042,S,Third,man,True,Southampton,no,False,0.9768898179119057,-0.47673381597604836
1,3,female,28.0,0,0,7.75,Q,Third,woman,False,Queenstown,yes,True,-0.10128291979289035,-0.4898974548547931
0,2,female,24.0,0,0,13.0,S,Second,woman,False,Southampton,no,True,-0.40933227342283207,-0.38425834737480263
0,3,male,28.0,0,0,9.5,S,Third,man,True,Southampton,no,True,-0.10128291979289035,-0.4546844190281296
0,3,male,28.0,8,2,69.55,S,Third,man,True,Southampton,no,False,-0.10128291979289035,0.7536257531953799
0,3,male,34.0,0,0,6.4958,S,Third,man,True,Southampton,no,True,0.36079111065202224,-0.5151341345883939
0,3,male,45.5,0,0,7.225,C,Third,man,True,Cherbourg,no,True,1.2464330023381047,-0.5004613656027921
1,3,male,18.0,0,0,8.05,S,Third,man,True,Southampton,yes,True,-0.8714063038677446,-0.48386093442736505
0,3,female,2.0,0,1,10.4625,S,Third,child,False,Southampton,no,False,-2.1036037183875114,-0.4353172493234647
0,3,male,32.0,1,0,15.85,S,Third,man,True,Southampton,no,False,0.20676643383705137,-0.3269114033142364
1,3,male,26.0,0,0,18.7875,C,Third,man,True,Cherbourg,yes,True,-0.25530759660786123,-0.26780380746233695
1,3,female,16.0,0,0,7.75,Q,Third,woman,False,Queenstown,yes,True,-1.0254309806827155,-0.4898974548547931
1,1,male,40.0,0,0,31.0,C,First,man,True,Cherbourg,yes,True,0.8228651410969349,-0.022067121729121175
0,3,male,24.0,0,0,7.05,S,Third,man,True,Southampton,no,True,-0.40933227342283207,-0.5039826691854584
1,2,female,35.0,0,0,21.0,S,Second,woman,False,Southampton,yes,True,0.4378034490595077,-0.22328446931005533
0,3,male,22.0,0,0,7.25,S,Third,man,True,Southampton,no,True,-0.563356950237803,-0.4999583222338398
0,2,male,30.0,0,0,13.0,S,Second,man,True,Southampton,no,True,0.05274175702208052,-0.38425834737480263
0,3,male,28.0,1,0,7.75,Q,Third,man,True,Queenstown,no,False,-0.10128291979289035,-0.4898974548547931
1,1,female,31.0,1,0,113.275,C,First,woman,False,Cherbourg,yes,False,0.12975409542956595,1.6334486054930144
1,3,female,27.0,0,0,7.925,S,Third,woman,False,Southampton,yes,True,-0.17829525820037578,-0.4863761512721267
0,2,male,42.0,1,0,27.0,S,Second,man,True,Southampton,no,False,0.9768898179119057,-0.10255406076149484
1,1,female,32.0,0,0,76.2917,C,First,woman,False,Cherbourg,yes,True,0.20676643383705137,0.8892804524140184
0,2,male,30.0,0,0,10.5,S,Second,man,True,Southampton,no,True,0.05274175702208052,-0.4345626842700362
1,3,male,16.0,0,0,8.05,S,Third,man,True,Southampton,yes,True,-1.0254309806827155,-0.48386093442736505
0,2,male,27.0,0,0,13.0,S,Second,man,True,Southampton,no,True,-0.17829525820037578,-0.38425834737480263
0,3,male,51.0,0,0,8.05,S,Third,man,True,Southampton,no,True,1.6700008635792747,-0.48386093442736505
0,3,male,28.0,0,0,7.8958,S,Third,man,True,Southampton,no,True,-0.10128291979289035,-0.486963705927063
1,1,male,38.0,1,0,90.0,S,First,man,True,Southampton,yes,False,0.668840464281964,1.1651152289983904
0,3,male,22.0,0,0,9.35,S,Third,man,True,Southampton,no,True,-0.563356950237803,-0.4577026792418436
1,2,male,19.0,0,0,10.5,S,Second,man,True,Southampton,yes,True,-0.7943939654602592,-0.4345626842700362
0,3,male,20.5,0,0,7.25,S,Third,man,True,Southampton,no,True,-0.678875457849031,-0.4999583222338398
0,2,male,18.0,0,0,13.0,S,Second,man,True,Southampton,no,True,-0.8714063038677446,-0.38425834737480263
0,3,female,28.0,3,1,25.4667,S,Third,woman,False,Southampton,no,False,-0.10128291979289035,-0.13340671666607948
1,1,female,35.0,1,0,83.475,S,First,woman,False,Southampton,yes,False,0.4378034490595077,1.0338209097018307
0,3,male,29.0,0,0,7.775,S,Third,man,True,Southampton,no,True,-0.024270581385404912,-0.4893944114858408
0,2,male,59.0,0,0,13.5,S,Second,man,True,Southampton,no,True,2.286099570839158,-0.3741974799957559
1,3,female,5.0,4,2,31.3875,S,Third,child,False,Southampton,yes,False,-1.8725667031650552,-0.014269949510359993
0,2,male,24.0,0,0,10.5,S,Second,man,True,Southampton,no,True,-0.40933227342283207,-0.4345626842700362
0,3,female,28.0,0,0,7.55,S,Third,woman,False,Southampton,no,True,-0.10128291979289035,-0.49392180180641176
0,2,male,44.0,1,0,26.0,S,Second,man,True,Southampton,no,False,1.1309144947268766,-0.12267579551958825
1,2,female,8.0,0,2,26.25,S,Second,child,False,Southampton,yes,False,-1.641529687942599,-0.1176453618300649
0,2,male,19.0,0,0,10.5,S,Second,man,True,Southampton,no,True,-0.7943939654602592,-0.4345626842700362
0,2,male,33.0,0,0,12.275,S,Second,man,True,Southampton,no,True,0.2837787722445368,-0.3988466050744204
0,3,female,28.0,1,0,14.4542,C,Third,woman,False,Cherbourg,no,False,-0.10128291979289035,-0.3549973206895832
1,3,female,28.0,1,0,15.5,Q,Third,woman,False,Queenstown,yes,False,-0.10128291979289035,-0.33395401047956913
0,2,male,29.0,0,0,10.5,S,Second,man,True,Southampton,no,True,-0.024270581385404912,-0.4345626842700362
0,3,male,22.0,0,0,7.125,S,Third,man,True,Southampton,no,True,-0.563356950237803,-0.5024735390786015
0,3,male,30.0,0,0,7.225,C,Third,man,True,Cherbourg,no,True,0.05274175702208052,-0.5004613656027921
0,1,male,44.0,2,0,90.0,Q,First,man,True,Queenstown,no,False,1.1309144947268766,1.1651152289983904
0,3,female,25.0,0,0,7.775,S,Third,woman,False,Southampton,no,True,-0.3323199350153466,-0.4893944114858408
1,2,female,24.0,0,2,14.5,S,Second,woman,False,Southampton,yes,False,-0.40933227342283207,-0.3540757452376625
1,1,male,37.0,1,1,52.5542,S,First,man,True,Southampton,yes,False,0.5918281258744785,0.41164077359377593
0,2,male,54.0,1,0,26.0,S,Second,man,True,Southampton,no,False,1.9010378788017308,-0.12267579551958825
0,3,male,28.0,0,0,7.25,S,Third,man,True,Southampton,no,True,-0.10128291979289035,-0.4999583222338398
0,3,female,29.0,1,1,10.4625,S,Third,woman,False,Southampton,no,False,-0.024270581385404912,-0.4353172493234647
0,1,male,62.0,0,0,26.55,S,First,man,True,Southampton,no,True,2.5171365860616146,-0.11160884140263685
0,3,male,30.0,1,0,16.1,S,Third,man,True,Southampton,no,False,0.05274175702208052,-0.321880969624713
0,3,female,41.0,0,2,20.2125,S,Third,woman,False,Southampton,no,False,0.8998774795044203,-0.23913033543205392
1,3,female,29.0,0,2,15.2458,C,Third,woman,False,Cherbourg,yes,False,-0.024270581385404912,-0.3390689554550765
1,1,female,28.0,0,0,79.2,C,First,woman,False,Cherbourg,yes,True,-0.10128291979289035,0.9478004936109815
1,1,female,30.0,0,0,86.5,S,First,woman,False,Southampton,yes,True,0.05274175702208052,1.0946891573450634
1,1,female,35.0,0,0,512.3292,C,First,woman,False,Cherbourg,yes,True,0.4378034490595077,9.663111371996175
1,2,female,50.0,0,1,26.0,S,Second,woman,False,Southampton,yes,False,1.5929885251717892,-0.12267579551958825
0,3,male,28.0,0,0,7.75,Q,Third,man,True,Queenstown,no,True,-0.10128291979289035,-0.4898974548547931
1,3,male,3.0,4,2,31.3875,S,Third,child,False,Southampton,yes,False,-2.026591379980026,-0.014269949510359993
0,1,male,52.0,1,1,79.65,S,First,man,True,Southampton,no,False,1.74701320198676,0.9568552742521236
0,1,male,40.0,0,0,0.0,S,First,man,True,Southampton,no,True,0.8228651410969349,-0.6458408992300171
0,3,female,28.0,0,0,7.75,Q,Third,woman,False,Queenstown,no,True,-0.10128291979289035,-0.4898974548547931
0,2,male,36.0,0,0,10.5,S,Second,man,True,Southampton,no,True,0.5148157874669931,-0.4345626842700362
0,3,male,16.0,4,1,39.6875,S,Third,man,True,Southampton,no,False,-1.0254309806827155,0.15274044898181535
1,3,male,25.0,1,0,7.775,S,Third,man,True,Southampton,yes,False,-0.3323199350153466,-0.4893944114858408
1,1,female,58.0,0,1,153.4625,S,First,woman,False,Southampton,yes,False,2.209087232431673,2.4420908210838936
1,1,female,35.0,0,0,135.6333,S,First,woman,False,Southampton,yes,True,0.4378034490595077,2.083336387734894
0,1,male,28.0,0,0,31.0,S,First,man,True,Southampton,no,True,-0.10128291979289035,-0.022067121729121175
1,3,male,25.0,0,0,0.0,S,Third,man,True,Southampton,yes,True,-0.3323199350153466,-0.6458408992300171
1,2,female,41.0,0,1,19.5,S,Second,woman,False,Southampton,yes,False,0.8998774795044203,-0.25346707144719544
0,1,male,37.0,0,1,29.7,C,First,man,True,Cherbourg,no,False,0.5918281258744785,-0.04822537691464263
1,3,female,28.0,0,0,7.75,Q,Third,woman,False,Queenstown,yes,True,-0.10128291979289035,-0.4898974548547931
1,1,female,63.0,1,0,77.9583,S,First,woman,False,Southampton,yes,False,2.5941489244691,0.9228153355618567
0,3,female,45.0,0,0,7.75,S,Third,woman,False,Southampton,no,True,1.207926833134362,-0.4898974548547931
0,2,male,28.0,0,0,0.0,S,Second,man,True,Southampton,no,True,-0.10128291979289035,-0.6458408992300171
0,3,male,7.0,4,1,29.125,Q,Third,child,False,Queenstown,no,False,-1.7185420263500844,-0.05979537440054633
1,3,female,35.0,1,1,20.25,S,Third,woman,False,Southampton,yes,False,0.4378034490595077,-0.2383757703786254
0,3,male,65.0,0,0,7.75,Q,Third,man,True,Queenstown,no,True,2.748173601284071,-0.4898974548547931
0,3,male,28.0,0,0,7.8542,S,Third,man,True,Southampton,no,True,-0.10128291979289035,-0.48780077009299977
0,3,male,16.0,0,0,9.5,S,Third,man,True,Southampton,no,True,-1.0254309806827155,-0.4546844190281296
1,3,male,19.0,0,0,8.05,S,Third,man,True,Southampton,yes,True,-0.7943939654602592,-0.48386093442736505
0,1,male,28.0,0,0,26.0,S,First,man,True,Southampton,no,True,-0.10128291979289035,-0.12267579551958825
0,3,male,33.0,0,0,8.6625,C,Third,man,True,Cherbourg,no,True,0.2837787722445368,-0.4715363718880328
1,3,male,30.0,0,0,9.5,S,Third,man,True,Southampton,yes,True,0.05274175702208052,-0.4546844190281296
0,3,male,22.0,0,0,7.8958,S,Third,man,True,Southampton,no,True,-0.563356950237803,-0.486963705927063
1,2,male,42.0,0,0,13.0,S,Second,man,True,Southampton,yes,True,0.9768898179119057,-0.38425834737480263
1,3,female,22.0,0,0,7.75,Q,Third,woman,False,Queenstown,yes,True,-0.563356950237803,-0.4898974548547931
1,1,female,26.0,0,0,78.85,S,First,woman,False,Southampton,yes,True,-0.25530759660786123,0.9407578864456486
1,1,female,19.0,1,0,91.0792,C,First,woman,False,Cherbourg,yes,False,-0.7943939654602592,1.1868306051493247
0,2,male,36.0,0,0,12.875,C,Second,man,True,Cherbourg,no,True,0.5148157874669931,-0.3867735642195643
0,3,female,24.0,0,0,8.85,S,Third,woman,False,Southampton,no,True,-0.40933227342283207,-0.46776354662089026
0,3,male,24.0,0,0,7.8958,S,Third,man,True,Southampton,no,True,-0.40933227342283207,-0.486963705927063
0,1,male,28.0,0,0,27.7208,C,First,man,True,Cherbourg,no,True,-0.10128291979289035,-0.08805031434786109
0,3,male,23.5,0,0,7.2292,C,Third,man,True,Cherbourg,no,True,-0.4478384426265748,-0.5003768543168081
0,1,female,2.0,1,2,151.55,S,First,child,False,Southampton,no,False,-2.1036037183875114,2.40360800335904
1,1,male,28.0,0,0,30.5,S,First,man,True,Southampton,yes,True,-0.10128291979289035,-0.03212798910816789
1,1,female,50.0,0,1,247.5208,C,First,woman,False,Cherbourg,yes,False,1.5929885251717892,4.334706985481072
1,3,female,28.0,0,0,7.75,Q,Third,woman,False,Queenstown,yes,True,-0.10128291979289035,-0.4898974548547931
1,3,male,28.0,2,0,23.25,Q,Third,man,True,Queenstown,yes,False,-0.10128291979289035,-0.17801056610434515
0,3,male,19.0,0,0,0.0,S,Third,man,True,Southampton,no,True,-0.7943939654602592,-0.6458408992300171
1,2,female,28.0,0,0,12.35,Q,Second,woman,False,Queenstown,yes,True,-0.10128291979289035,-0.39733747496756333
0,3,male,28.0,0,0,8.05,S,Third,man,True,Southampton,no,True,-0.10128291979289035,-0.48386093442736505
1,1,male,0.92,1,2,151.55,S,First,child,False,Southampton,yes,False,-2.1867770438675955,2.40360800335904
1,1,female,28.0,0,0,110.8833,C,First,woman,False,Cherbourg,yes,True,-0.10128291979289035,1.5853234524720827
1,1,female,17.0,1,0,108.9,C,First,woman,False,Cherbourg,yes,False,-0.9484186422752301,1.5454160159263557
0,2,male,30.0,1,0,24.0,C,Second,man,True,Cherbourg,no,False,0.05274175702208052,-0.16291926503577508
1,1,female,30.0,0,0,56.9292,C,First,woman,False,Cherbourg,yes,True,0.05274175702208052,0.49967336316043465
1,1,female,24.0,0,0,83.1583,C,First,woman,False,Cherbourg,yes,True,-0.40933227342283207,1.0274483563039425
1,1,female,18.0,2,2,262.375,C,First,woman,False,Cherbourg,yes,False,-0.8714063038677446,4.633599257924742
0,2,female,26.0,1,1,26.0,S,Second,woman,False,Southampton,no,False,-0.25530759660786123,-0.12267579551958825
0,3,male,28.0,0,0,7.8958,S,Third,man,True,Southampton,no,True,-0.10128291979289035,-0.486963705927063
0,2,male,43.0,1,1,26.25,S,Second,man,True,Southampton,no,False,1.053902156319391,-0.1176453618300649
1,3,female,26.0,0,0,7.8542,S,Third,woman,False,Southampton,yes,True,-0.25530759660786123,-0.48780077009299977
1,2,female,24.0,1,0,26.0,S,Second,woman,False,Southampton,yes,False,-0.40933227342283207,-0.12267579551958825
0,2,male,54.0,0,0,14.0,S,Second,man,True,Southampton,no,True,1.9010378788017308,-0.3641366126167092
1,1,female,31.0,0,2,164.8667,S,First,woman,False,Southampton,yes,False,0.12975409542956595,2.6715631086121427
1,1,female,40.0,1,1,134.5,C,First,woman,False,Cherbourg,yes,False,0.8228651410969349,2.060532425733547
0,3,male,22.0,0,0,7.25,S,Third,man,True,Southampton,no,True,-0.563356950237803,-0.4999583222338398
0,3,male,27.0,0,0,7.8958,S,Third,man,True,Southampton,no,True,-0.17829525820037578,-0.486963705927063
1,2,female,30.0,0,0,12.35,Q,Second,woman,False,Queenstown,yes,True,0.05274175702208052,-0.39733747496756333
1,2,female,22.0,1,1,29.0,S,Second,woman,False,Southampton,yes,False,-0.563356950237803,-0.06231059124530801
0,3,male,28.0,8,2,69.55,S,Third,man,True,Southampton,no,False,-0.10128291979289035,0.7536257531953799
1,1,female,36.0,0,0,135.6333,C,First,woman,False,Cherbourg,yes,True,0.5148157874669931,2.083336387734894
0,3,male,61.0,0,0,6.2375,S,Third,man,True,Southampton,no,True,2.4401242476541287,-0.5203315786764093
1,2,female,36.0,0,0,13.0,S,Second,woman,False,Southampton,yes,True,0.5148157874669931,-0.38425834737480263
1,3,female,31.0,1,1,20.525,S,Third,woman,False,Southampton,yes,False,0.12975409542956595,-0.23284229332014972
1,1,female,16.0,0,1,57.9792,C,First,woman,False,Cherbourg,yes,False,-1.0254309806827155,0.5208011846564327
1,3,female,28.0,2,0,23.25,Q,Third,woman,False,Queenstown,yes,False,-0.10128291979289035,-0.17801056610434515
0,1,male,45.5,0,0,28.5,S,First,man,True,Southampton,no,True,1.2464330023381047,-0.0723714586243547
0,1,male,38.0,0,1,153.4625,S,First,man,True,Southampton,no,False,0.668840464281964,2.4420908210838936
0,3,male,16.0,2,0,18.0,S,Third,man,True,Southampton,no,False,-1.0254309806827155,-0.28364967358433557
1,1,female,28.0,1,0,133.65,S,First,woman,False,Southampton,yes,False,-0.10128291979289035,2.043428951189168
0,3,male,28.0,0,0,7.8958,S,Third,man,True,Southampton,no,True,-0.10128291979289035,-0.486963705927063
0,1,male,29.0,1,0,66.6,S,First,man,True,Southampton,no,False,-0.024270581385404912,0.6942666356590043
1,1,female,41.0,0,0,134.5,C,First,woman,False,Cherbourg,yes,True,0.8998774795044203,2.060532425733547
1,3,male,45.0,0,0,8.05,S,Third,man,True,Southampton,yes,True,1.207926833134362,-0.48386093442736505
0,1,male,45.0,0,0,35.5,S,First,man,True,Southampton,no,True,1.207926833134362,0.06848068468229919
1,2,male,2.0,1,1,26.0,S,Second,child,False,Southampton,yes,False,-2.1036037183875114,-0.12267579551958825
1,1,female,24.0,3,2,263.0,S,First,woman,False,Southampton,yes,False,-0.40933227342283207,4.646175342148551
0,2,male,28.0,0,0,13.0,S,Second,man,True,Southampton,no,True,-0.10128291979289035,-0.38425834737480263
0,2,male,25.0,0,0,13.0,S,Second,man,True,Southampton,no,True,-0.3323199350153466,-0.38425834737480263
0,2,male,36.0,0,0,13.0,S,Second,man,True,Southampton,no,True,0.5148157874669931,-0.38425834737480263
1,2,female,24.0,0,0,13.0,S,Second,woman,False,Southampton,yes,True,-0.40933227342283207,-0.38425834737480263
1,2,female,40.0,0,0,13.0,S,Second,woman,False,Southampton,yes,True,0.8228651410969349,-0.38425834737480263
1,3,female,28.0,1,0,16.1,S,Third,woman,False,Southampton,yes,False,-0.10128291979289035,-0.321880969624713
1,3,male,3.0,1,1,15.9,S,Third,child,False,Southampton,yes,False,-2.026591379980026,-0.32590531657633176
0,3,male,42.0,0,0,8.6625,S,Third,man,True,Southampton,no,True,0.9768898179119057,-0.4715363718880328
0,3,male,23.0,0,0,9.225,S,Third,man,True,Southampton,no,True,-0.4863446118303175,-0.46021789608660524
0,1,male,28.0,0,0,35.0,S,First,man,True,Southampton,no,True,-0.10128291979289035,0.058419817303252485
0,3,male,15.0,1,1,7.2292,C,Third,child,False,Cherbourg,no,False,-1.102443319090201,-0.5003768543168081
0,3,male,25.0,1,0,17.8,S,Third,man,True,Southampton,no,False,-0.3323199350153466,-0.28767402053595426
0,3,male,28.0,0,0,7.225,C,Third,man,True,Cherbourg,no,True,-0.10128291979289035,-0.5004613656027921
0,3,male,28.0,0,0,9.5,S,Third,man,True,Southampton,no,True,-0.10128291979289035,-0.4546844190281296
1,1,female,22.0,0,1,55.0,S,First,woman,False,Southampton,yes,False,-0.563356950237803,0.46085451246512077
0,2,female,38.0,0,0,13.0,S,Second,woman,False,Southampton,no,True,0.668840464281964,-0.38425834737480263
1,3,female,28.0,0,0,7.8792,Q,Third,woman,False,Queenstown,yes,True,-0.10128291979289035,-0.48729772672404736
1,3,female,28.0,0,0,7.8792,Q,Third,woman,False,Queenstown,yes,True,-0.10128291979289035,-0.48729772672404736
0,3,male,40.0,1,4,27.9,S,Third,man,True,Southampton,no,False,0.8228651410969349,-0.08444449947921079
0,2,male,29.0,1,0,27.7208,C,Second,man,True,Cherbourg,no,False,-0.024270581385404912,-0.08805031434786109
0,3,female,45.0,0,1,14.4542,C,Third,woman,False,Cherbourg,no,False,1.207926833134362,-0.3549973206895832
0,3,male,35.0,0,0,7.05,S,Third,man,True,Southampton,no,True,0.4378034490595077,-0.5039826691854584
0,3,male,28.0,1,0,15.5,Q,Third,man,True,Queenstown,no,False,-0.10128291979289035,-0.33395401047956913
0,3,male,30.0,0,0,7.25,S,Third,man,True,Southampton,no,True,0.05274175702208052,-0.4999583222338398
1,1,female,60.0,1,0,75.25,C,First,woman,False,Cherbourg,yes,False,2.3631119092466433,0.8683196413165124
1,3,female,28.0,0,0,7.2292,C,Third,woman,False,Cherbourg,yes,True,-0.10128291979289035,-0.5003768543168081
1,3,female,28.0,0,0,7.75,Q,Third,woman,False,Queenstown,yes,True,-0.10128291979289035,-0.4898974548547931
1,1,female,24.0,0,0,69.3,C,First,woman,False,Cherbourg,yes,True,-0.40933227342283207,0.7485953195058566
1,1,male,25.0,1,0,55.4417,C,First,man,True,Cherbourg,yes,False,-0.3323199350153466,0.4697422827077706
0,3,male,18.0,1,0,6.4958,S,Third,man,True,Southampton,no,False,-0.8714063038677446,-0.5151341345883939
0,3,male,19.0,0,0,8.05,S,Third,man,True,Southampton,no,True,-0.7943939654602592,-0.48386093442736505
0,1,male,22.0,0,0,135.6333,C,First,man,True,Cherbourg,no,True,-0.563356950237803,2.083336387734894
0,3,female,3.0,3,1,21.075,S,Third,child,False,Southampton,no,False,-2.026591379980026,-0.22177533920319834
1,1,female,28.0,1,0,82.1708,C,First,woman,False,Cherbourg,yes,False,-0.10128291979289035,1.0075781432303252
1,3,female,22.0,0,0,7.25,S,Third,woman,False,Southampton,yes,True,-0.563356950237803,-0.4999583222338398
0,1,male,27.0,0,2,211.5,C,First,man,True,Cherbourg,no,False,-0.17829525820037578,3.60990600210674
0,3,male,20.0,0,0,4.0125,C,Third,man,True,Cherbourg,no,True,-0.7173816270527738,-0.5651024385131672
0,3,male,19.0,0,0,7.775,S,Third,man,True,Southampton,no,True,-0.7943939654602592,-0.4893944114858408
1,1,female,42.0,0,0,227.525,C,First,woman,False,Cherbourg,yes,True,0.9768898179119057,3.932356801605187
1,3,female,1.0,0,2,15.7417,C,Third,child,False,Cherbourg,yes,False,-2.180616056794997,-0.3290905871885379
0,3,male,32.0,0,0,7.925,S,Third,man,True,Southampton,no,True,0.20676643383705137,-0.4863761512721267
1,1,female,35.0,1,0,52.0,S,First,woman,False,Southampton,yes,False,0.4378034490595077,0.40048930819084055
0,3,male,28.0,0,0,7.8958,S,Third,man,True,Southampton,no,True,-0.10128291979289035,-0.486963705927063
0,2,male,18.0,0,0,73.5,S,Second,man,True,Southampton,no,True,-0.8714063038677446,0.8331066054898489
0,3,male,1.0,5,2,46.9,S,Third,child,False,Southampton,no,False,-2.180616056794997,0.2978684609245641
1,2,female,36.0,0,0,13.0,S,Second,woman,False,Southampton,yes,True,0.5148157874669931,-0.38425834737480263
0,3,male,28.0,0,0,7.7292,Q,Third,man,True,Queenstown,no,True,-0.10128291979289035,-0.49031598693776146
1,2,female,17.0,0,0,12.0,C,Second,woman,False,Cherbourg,yes,True,-0.9484186422752301,-0.40438008213289606
1,1,male,36.0,1,2,120.0,S,First,man,True,Southampton,yes,False,0.5148157874669931,1.7687672717411926
1,3,male,21.0,0,0,7.7958,S,Third,man,True,Southampton,yes,True,-0.6403692886452884,-0.4889758794028724
0,3,male,28.0,2,0,7.925,S,Third,man,True,Southampton,no,False,-0.10128291979289035,-0.4863761512721267
1,1,female,23.0,1,0,113.275,C,First,woman,False,Cherbourg,yes,False,-0.4863446118303175,1.6334486054930144
1,3,female,24.0,0,2,16.7,S,Third,woman,False,Southampton,yes,False,-0.40933227342283207,-0.309807928769857
0,3,male,22.0,0,0,7.7958,S,Third,man,True,Southampton,no,True,-0.563356950237803,-0.4889758794028724
0,3,female,31.0,0,0,7.8542,S,Third,woman,False,Southampton,no,True,0.12975409542956595,-0.48780077009299977
0,2,male,46.0,0,0,26.0,S,Second,man,True,Southampton,no,True,1.2849391715418474,-0.12267579551958825
0,2,male,23.0,0,0,10.5,S,Second,man,True,Southampton,no,True,-0.4863446118303175,-0.4345626842700362
1,2,female,28.0,0,0,12.65,S,Second,woman,False,Southampton,yes,True,-0.10128291979289035,-0.39130095454013536
1,3,male,39.0,0,0,7.925,S,Third,man,True,Southampton,yes,True,0.7458528026894494,-0.4863761512721267
0,3,male,26.0,0,0,8.05,S,Third,man,True,Southampton,no,True,-0.25530759660786123,-0.48386093442736505
0,3,female,21.0,1,0,9.825,S,Third,woman,False,Southampton,no,False,-0.6403692886452884,-0.44814485523174924
0,3,male,28.0,1,0,15.85,S,Third,man,True,Southampton,no,False,-0.10128291979289035,-0.3269114033142364
0,3,female,20.0,0,0,8.6625,S,Third,woman,False,Southampton,no,True,-0.7173816270527738,-0.4715363718880328
0,2,male,34.0,1,0,21.0,S,Second,man,True,Southampton,no,False,0.36079111065202224,-0.22328446931005533
0,3,male,51.0,0,0,7.75,S,Third,man,True,Southampton,no,True,1.6700008635792747,-0.4898974548547931
1,2,male,3.0,1,1,18.75,S,Second,child,False,Southampton,yes,False,-2.026591379980026,-0.26855837251576553
0,3,male,21.0,0,0,7.775,S,Third,man,True,Southampton,no,True,-0.6403692886452884,-0.4893944114858408
0,3,female,28.0,3,1,25.4667,S,Third,woman,False,Southampton,no,False,-0.10128291979289035,-0.13340671666607948
0,3,male,28.0,0,0,7.8958,S,Third,man,True,Southampton,no,True,-0.10128291979289035,-0.486963705927063
0,3,male,28.0,0,0,6.8583,Q,Third,man,True,Queenstown,no,True,-0.10128291979289035,-0.507840005738585
1,1,female,33.0,1,0,90.0,Q,First,woman,False,Queenstown,yes,False,0.2837787722445368,1.1651152289983904
0,2,male,28.0,0,0,0.0,S,Second,man,True,Southampton,no,True,-0.10128291979289035,-0.6458408992300171
1,3,male,44.0,0,0,7.925,S,Third,man,True,Southampton,yes,True,1.1309144947268766,-0.4863761512721267
0,3,female,28.0,0,0,8.05,S,Third,woman,False,Southampton,no,True,-0.10128291979289035,-0.48386093442736505
1,2,female,34.0,1,1,32.5,S,Second,woman,False,Southampton,yes,False,0.36079111065202224,0.008115480408018946
1,2,female,18.0,0,2,13.0,S,Second,woman,False,Southampton,yes,False,-0.8714063038677446,-0.38425834737480263
0,2,male,30.0,0,0,13.0,S,Second,man,True,Southampton,no,True,0.05274175702208052,-0.38425834737480263
0,3,female,10.0,0,2,24.15,S,Third,child,False,Southampton,no,False,-1.487505011127628,-0.1599010048220611
0,3,male,28.0,0,0,7.8958,C,Third,man,True,Cherbourg,no,True,-0.10128291979289035,-0.486963705927063
0,3,male,21.0,0,0,7.7333,Q,Third,man,True,Queenstown,no,True,-0.6403692886452884,-0.4902334878252532
0,3,male,29.0,0,0,7.875,S,Third,man,True,Southampton,no,True,-0.024270581385404912,-0.4873822380100314
0,3,female,28.0,1,1,14.4,S,Third,woman,False,Southampton,no,False,-0.10128291979289035,-0.3560879187134719
0,3,male,18.0,1,1,20.2125,S,Third,man,True,Southampton,no,False,-0.8714063038677446,-0.23913033543205392
0,3,male,28.0,0,0,7.25,S,Third,man,True,Southampton,no,True,-0.10128291979289035,-0.4999583222338398
1,2,female,28.0,1,0,26.0,S,Second,woman,False,Southampton,yes,False,-0.10128291979289035,-0.12267579551958825
1,2,female,19.0,0,0,26.0,S,Second,woman,False,Southampton,yes,True,-0.7943939654602592,-0.12267579551958825
0,3,male,28.0,0,0,7.75,Q,Third,man,True,Queenstown,no,True,-0.10128291979289035,-0.4898974548547931
1,3,male,32.0,0,0,8.05,S,Third,man,True,Southampton,yes,True,0.20676643383705137,-0.48386093442736505
1,1,male,28.0,0,0,26.55,S,First,man,True,Southampton,yes,True,-0.10128291979289035,-0.11160884140263685
1,3,female,28.0,1,0,16.1,S,Third,woman,False,Southampton,yes,False,-0.10128291979289035,-0.321880969624713
1,2,female,42.0,1,0,26.0,S,Second,woman,False,Southampton,yes,False,0.9768898179119057,-0.12267579551958825
0,3,male,17.0,0,0,7.125,S,Third,man,True,Southampton,no,True,-0.9484186422752301,-0.5024735390786015
0,1,male,50.0,1,0,55.9,S,First,man,True,Southampton,no,False,1.5929885251717892,0.4789640737474048
1,1,female,14.0,1,2,120.0,S,First,child,False,Southampton,yes,False,-1.1794556574976864,1.7687672717411926
0,3,female,21.0,2,2,34.375,S,Third,woman,False,Southampton,no,False,-0.6403692886452884,0.045843733079444095
1,2,female,24.0,2,3,18.75,S,Second,woman,False,Southampton,yes,False,-0.40933227342283207,-0.26855837251576553
0,1,male,64.0,1,4,263.0,S,First,man,True,Southampton,no,False,2.6711612628765855,4.646175342148551
0,2,male,31.0,0,0,10.5,S,Second,man,True,Southampton,no,True,0.12975409542956595,-0.4345626842700362
1,2,female,45.0,1,1,26.25,S,Second,woman,False,Southampton,yes,False,1.207926833134362,-0.1176453618300649
0,3,male,20.0,0,0,9.5,S,Third,man,True,Southampton,no,True,-0.7173816270527738,-0.4546844190281296
0,3,male,25.0,1,0,7.775,S,Third,man,True,Southampton,no,False,-0.3323199350153466,-0.4893944114858408
1,2,female,28.0,0,0,13.0,S,Second,woman,False,Southampton,yes,True,-0.10128291979289035,-0.38425834737480263
1,3,male,28.0,0,0,8.1125,S,Third,man,True,Southampton,yes,True,-0.10128291979289035,-0.4826033260049842
1,1,male,4.0,0,2,81.8583,S,First,child,False,Southampton,yes,False,-1.9495790415725407,1.0012901011184212
1,2,female,13.0,0,1,19.5,S,Second,child,False,Southampton,yes,False,-1.2564679959051719,-0.25346707144719544
1,1,male,34.0,0,0,26.55,S,First,man,True,Southampton,yes,True,0.36079111065202224,-0.11160884140263685
1,3,female,5.0,2,1,19.2583,C,Third,child,False,Cherbourg,yes,False,-1.8725667031650552,-0.25833049473822667
1,1,male,52.0,0,0,30.5,S,First,man,True,Southampton,yes,True,1.74701320198676,-0.03212798910816789
0,2,male,36.0,1,2,27.75,S,Second,man,True,Southampton,no,False,0.5148157874669931,-0.08746275969292477
0,3,male,28.0,1,0,19.9667,S,Third,man,True,Southampton,no,False,-0.10128291979289035,-0.24407625783559325
0,1,male,30.0,0,0,27.75,C,First,man,True,Cherbourg,no,True,0.05274175702208052,-0.08746275969292477
1,1,male,49.0,1,0,89.1042,C,First,man,True,Cherbourg,yes,False,1.5159761867643038,1.1470901790020904
0,3,male,28.0,0,0,8.05,S,Third,man,True,Southampton,no,True,-0.10128291979289035,-0.48386093442736505
1,3,male,29.0,0,0,7.8958,C,Third,man,True,Cherbourg,yes,True,-0.024270581385404912,-0.486963705927063
0,1,male,65.0,0,0,26.55,S,First,man,True,Southampton,no,True,2.748173601284071,-0.11160884140263685
1,1,female,28.0,1,0,51.8625,S,First,woman,False,Southampton,yes,False,-0.10128291979289035,0.39772256966160263
1,2,female,50.0,0,0,10.5,S,Second,woman,False,Southampton,yes,True,1.5929885251717892,-0.4345626842700362
0,3,male,28.0,0,0,7.75,Q,Third,man,True,Queenstown,no,True,-0.10128291979289035,-0.4898974548547931
1,1,male,48.0,0,0,26.55,S,First,man,True,Southampton,yes,True,1.4389638483568183,-0.11160884140263685
0,3,male,34.0,0,0,8.05,S,Third,man,True,Southampton,no,True,0.36079111065202224,-0.48386093442736505
0,1,male,47.0,0,0,38.5,S,First,man,True,Southampton,no,True,1.361951509949333,0.12884588895657945
0,2,male,48.0,0,0,13.0,S,Second,man,True,Southampton,no,True,1.4389638483568183,-0.38425834737480263
0,3,male,28.0,0,0,8.05,S,Third,man,True,Southampton,no,True,-0.10128291979289035,-0.48386093442736505
0,3,male,38.0,0,0,7.05,S,Third,man,True,Southampton,no,True,0.668840464281964,-0.5039826691854584
0,2,male,28.0,0,0,0.0,S,Second,man,True,Southampton,no,True,-0.10128291979289035,-0.6458408992300171
0,1,male,56.0,0,0,26.55,S,First,man,True,Southampton,no,True,2.055062555616702,-0.11160884140263685
0,3,male,28.0,0,0,7.725,Q,Third,man,True,Queenstown,no,True,-0.10128291979289035,-0.4904004982237454
1,3,female,0.75,2,1,19.2583,C,Third,child,False,Cherbourg,yes,False,-2.1998691413968685,-0.25833049473822667
0,3,male,28.0,0,0,7.25,S,Third,man,True,Southampton,no,True,-0.10128291979289035,-0.4999583222338398
0,3,male,38.0,0,0,8.6625,S,Third,man,True,Southampton,no,True,0.668840464281964,-0.4715363718880328
1,2,female,33.0,1,2,27.75,S,Second,woman,False,Southampton,yes,False,0.2837787722445368,-0.08746275969292477
1,2,female,23.0,0,0,13.7917,C,Second,woman,False,Cherbourg,yes,True,-0.4863446118303175,-0.3683279699668201
0,3,female,22.0,0,0,9.8375,S,Third,woman,False,Southampton,no,True,-0.563356950237803,-0.4478933335472731
0,1,male,28.0,0,0,52.0,S,First,man,True,Southampton,no,True,-0.10128291979289035,0.40048930819084055
0,2,male,34.0,1,0,21.0,S,Second,man,True,Southampton,no,False,0.36079111065202224,-0.22328446931005533
0,3,male,29.0,1,0,7.0458,S,Third,man,True,Southampton,no,False,-0.024270581385404912,-0.5040671804714425
0,3,male,22.0,0,0,7.5208,S,Third,man,True,Southampton,no,True,-0.563356950237803,-0.494509356461348
1,3,female,2.0,0,1,12.2875,S,Third,child,False,Southampton,yes,False,-2.1036037183875114,-0.39859508338994415
0,3,male,9.0,5,2,46.9,S,Third,child,False,Southampton,no,False,-1.5645173495351135,0.2978684609245641
0,2,male,28.0,0,0,0.0,S,Second,man,True,Southampton,no,True,-0.10128291979289035,-0.6458408992300171
0,3,male,50.0,0,0,8.05,S,Third,man,True,Southampton,no,True,1.5929885251717892,-0.48386093442736505
1,3,female,63.0,0,0,9.5875,S,Third,woman,False,Southampton,yes,True,2.5941489244691,-0.45292376723679645
1,1,male,25.0,1,0,91.0792,C,First,man,True,Cherbourg,yes,False,-0.3323199350153466,1.1868306051493247
0,3,female,28.0,3,1,25.4667,S,Third,woman,False,Southampton,no,False,-0.10128291979289035,-0.13340671666607948
1,1,female,35.0,1,0,90.0,S,First,woman,False,Southampton,yes,False,0.4378034490595077,1.1651152289983904
0,1,male,58.0,0,0,29.7,C,First,man,True,Cherbourg,no,True,2.209087232431673,-0.04822537691464263
0,3,male,30.0,0,0,8.05,S,Third,man,True,Southampton,no,True,0.05274175702208052,-0.48386093442736505
1,3,male,9.0,1,1,15.9,S,Third,child,False,Southampton,yes,False,-1.5645173495351135,-0.32590531657633176
0,3,male,28.0,1,0,19.9667,S,Third,man,True,Southampton,no,False,-0.10128291979289035,-0.24407625783559325
0,3,male,21.0,0,0,7.25,S,Third,man,True,Southampton,no,True,-0.6403692886452884,-0.4999583222338398
0,1,male,55.0,0,0,30.5,S,First,man,True,Southampton,no,True,1.9780502172092163,-0.03212798910816789
0,1,male,71.0,0,0,49.5042,C,First,man,True,Cherbourg,no,True,3.2102476317289836,0.3502694825815909
0,3,male,21.0,0,0,8.05,S,Third,man,True,Southampton,no,True,-0.6403692886452884,-0.48386093442736505
0,3,male,28.0,0,0,14.4583,C,Third,man,True,Cherbourg,no,True,-0.10128291979289035,-0.354914821577075
1,1,female,54.0,1,0,78.2667,C,First,woman,False,Cherbourg,yes,False,1.9010378788017308,0.9290208785612528
0,3,male,28.0,0,0,15.1,S,Third,man,True,Southampton,no,True,-0.10128291979289035,-0.34200270438280644
0,1,female,25.0,1,2,151.55,S,First,woman,False,Southampton,no,False,-0.3323199350153466,2.40360800335904
0,3,male,24.0,0,0,7.7958,S,Third,man,True,Southampton,no,True,-0.40933227342283207,-0.4889758794028724
0,3,male,17.0,0,0,8.6625,S,Third,man,True,Southampton,no,True,-0.9484186422752301,-0.4715363718880328
0,3,female,21.0,0,0,7.75,Q,Third,woman,False,Queenstown,no,True,-0.6403692886452884,-0.4898974548547931
0,3,female,28.0,0,0,7.6292,Q,Third,woman,False,Queenstown,no,True,-0.10128291979289035,-0.49232816041357075
0,3,female,37.0,0,0,9.5875,S,Third,woman,False,Southampton,no,True,0.5918281258744785,-0.45292376723679645
1,1,female,16.0,0,0,86.5,S,First,woman,False,Southampton,yes,True,-1.0254309806827155,1.0946891573450634
0,1,male,18.0,1,0,108.9,C,First,man,True,Cherbourg,no,False,-0.8714063038677446,1.5454160159263557
1,2,female,33.0,0,2,26.0,S,Second,woman,False,Southampton,yes,False,0.2837787722445368,-0.12267579551958825
1,1,male,28.0,0,0,26.55,S,First,man,True,Southampton,yes,True,-0.10128291979289035,-0.11160884140263685
0,3,male,28.0,0,0,22.525,S,Third,man,True,Southampton,no,True,-0.10128291979289035,-0.1925988238039629
1,3,male,26.0,0,0,56.4958,S,Third,man,True,Southampton,yes,True,-0.25530759660786123,0.49095260331627694
1,3,male,29.0,0,0,7.75,Q,Third,man,True,Queenstown,yes,True,-0.024270581385404912,-0.4898974548547931
0,3,male,28.0,0,0,8.05,S,Third,man,True,Southampton,no,True,-0.10128291979289035,-0.48386093442736505
1,1,male,36.0,0,0,26.2875,S,First,man,True,Southampton,yes,True,0.5148157874669931,-0.11689079677663637
1,1,female,54.0,1,0,59.4,C,First,woman,False,Cherbourg,yes,False,1.9010378788017308,0.5493901454007317
0,3,male,24.0,0,0,7.4958,S,Third,man,True,Southampton,no,True,-0.40933227342283207,-0.49501239983030043
0,1,male,47.0,0,0,34.0208,S,First,man,True,Southampton,no,True,1.361951509949333,0.038716614628127435
1,2,female,34.0,0,0,10.5,S,Second,woman,False,Southampton,yes,True,0.36079111065202224,-0.4345626842700362
0,3,male,28.0,0,0,24.15,Q,Third,man,True,Queenstown,no,True,-0.10128291979289035,-0.1599010048220611
1,2,female,36.0,1,0,26.0,S,Second,woman,False,Southampton,yes,False,0.5148157874669931,-0.12267579551958825
0,3,male,32.0,0,0,7.8958,S,Third,man,True,Southampton,no,True,0.20676643383705137,-0.486963705927063
1,1,female,30.0,0,0,93.5,S,First,woman,False,Southampton,yes,True,0.05274175702208052,1.2355413006517173
0,3,male,22.0,0,0,7.8958,S,Third,man,True,Southampton,no,True,-0.563356950237803,-0.486963705927063
0,3,male,28.0,0,0,7.225,C,Third,man,True,Cherbourg,no,True,-0.10128291979289035,-0.5004613656027921
1,1,female,44.0,0,1,57.9792,C,First,woman,False,Cherbourg,yes,False,1.1309144947268766,0.5208011846564327
0,3,male,28.0,0,0,7.2292,C,Third,man,True,Cherbourg,no,True,-0.10128291979289035,-0.5003768543168081
0,3,male,40.5,0,0,7.75,Q,Third,man,True,Queenstown,no,True,0.8613713103006776,-0.4898974548547931
1,2,female,50.0,0,0,10.5,S,Second,woman,False,Southampton,yes,True,1.5929885251717892,-0.4345626842700362
0,1,male,28.0,0,0,221.7792,S,First,man,True,Southampton,no,True,-0.10128291979289035,3.816741338032134
0,3,male,39.0,0,0,7.925,S,Third,man,True,Southampton,no,True,0.7458528026894494,-0.4863761512721267
0,2,male,23.0,2,1,11.5,S,Second,man,True,Southampton,no,False,-0.4863446118303175,-0.41444094951194277
1,2,female,2.0,1,1,26.0,S,Second,child,False,Southampton,yes,False,-2.1036037183875114,-0.12267579551958825
0,3,male,28.0,0,0,7.2292,C,Third,man,True,Cherbourg,no,True,-0.10128291979289035,-0.5003768543168081
0,3,male,17.0,1,1,7.2292,C,Third,man,True,Cherbourg,no,False,-0.9484186422752301,-0.5003768543168081
1,3,female,28.0,0,2,22.3583,C,Third,woman,False,Cherbourg,yes,False,-0.10128291979289035,-0.19595311698813705
0,3,female,30.0,0,0,8.6625,S,Third,woman,False,Southampton,no,True,0.05274175702208052,-0.4715363718880328
1,2,female,7.0,0,2,26.25,S,Second,child,False,Southampton,yes,False,-1.7185420263500844,-0.1176453618300649
0,1,male,45.0,0,0,26.55,S,First,man,True,Southampton,no,True,1.207926833134362,-0.11160884140263685
1,1,female,30.0,0,0,106.425,C,First,woman,False,Cherbourg,yes,True,0.05274175702208052,1.4956147224000746
0,3,male,28.0,0,0,14.5,S,Third,man,True,Southampton,no,True,-0.10128291979289035,-0.3540757452376625
1,1,female,22.0,0,2,49.5,C,First,woman,False,Cherbourg,yes,False,-0.563356950237803,0.350184971295607
1,1,female,36.0,0,2,71.0,S,First,woman,False,Southampton,yes,False,0.5148157874669931,0.7828022685946154
0,3,female,9.0,4,2,31.275,S,Third,child,False,Southampton,no,False,-1.5645173495351135,-0.016533644670645515
0,3,female,11.0,4,2,31.275,S,Third,child,False,Southampton,no,False,-1.4104926727201428,-0.016533644670645515
1,2,male,32.0,1,0,26.0,S,Second,man,True,Southampton,yes,False,0.20676643383705137,-0.12267579551958825
0,1,male,50.0,1,0,106.425,C,First,man,True,Cherbourg,no,False,1.5929885251717892,1.4956147224000746
0,1,male,64.0,0,0,26.0,S,First,man,True,Southampton,no,True,2.6711612628765855,-0.12267579551958825
1,2,female,19.0,1,0,26.0,S,Second,woman,False,Southampton,yes,False,-0.7943939654602592,-0.12267579551958825
1,2,male,28.0,0,0,13.8625,C,Second,man,True,Cherbourg,yes,True,-0.10128291979289035,-0.3669033511459471
0,3,male,33.0,1,1,20.525,S,Third,man,True,Southampton,no,False,0.2837787722445368,-0.23284229332014972
1,2,male,8.0,1,1,36.75,S,Second,child,False,Southampton,yes,False,-1.641529687942599,0.09363285312991595
1,1,male,17.0,0,2,110.8833,C,First,man,True,Cherbourg,yes,False,-0.9484186422752301,1.5853234524720827
0,2,male,27.0,0,0,26.0,S,Second,man,True,Southampton,no,True,-0.17829525820037578,-0.12267579551958825
0,3,male,28.0,0,0,7.8292,Q,Third,man,True,Queenstown,no,True,-0.10128291979289035,-0.48830381346195206
1,3,male,22.0,0,0,7.225,C,Third,man,True,Cherbourg,yes,True,-0.563356950237803,-0.5004613656027921
1,3,female,22.0,0,0,7.775,S,Third,woman,False,Southampton,yes,True,-0.563356950237803,-0.4893944114858408
0,1,male,62.0,0,0,26.55,S,First,man,True,Southampton,no,True,2.5171365860616146,-0.11160884140263685
1,1,female,48.0,1,0,39.6,C,First,woman,False,Cherbourg,yes,False,1.4389638483568183,0.1509797971904822
0,1,male,28.0,0,0,227.525,C,First,man,True,Cherbourg,no,True,-0.10128291979289035,3.932356801605187
1,1,female,39.0,1,1,79.65,S,First,woman,False,Southampton,yes,False,0.7458528026894494,0.9568552742521236
1,3,female,36.0,1,0,17.4,S,Third,woman,False,Southampton,yes,False,0.5148157874669931,-0.2957227144391916
0,3,male,28.0,0,0,7.75,Q,Third,man,True,Queenstown,no,True,-0.10128291979289035,-0.4898974548547931
0,3,male,40.0,0,0,7.8958,S,Third,man,True,Southampton,no,True,0.8228651410969349,-0.486963705927063
0,2,male,28.0,0,0,13.5,S,Second,man,True,Southampton,no,True,-0.10128291979289035,-0.3741974799957559
0,3,male,28.0,0,0,8.05,S,Third,man,True,Southampton,no,True,-0.10128291979289035,-0.48386093442736505
0,3,female,28.0,0,0,8.05,S,Third,woman,False,Southampton,no,True,-0.10128291979289035,-0.48386093442736505
0,3,male,24.0,2,0,24.15,S,Third,man,True,Southampton,no,False,-0.40933227342283207,-0.1599010048220611
0,3,male,19.0,0,0,7.8958,S,Third,man,True,Southampton,no,True,-0.7943939654602592,-0.486963705927063
0,3,female,29.0,0,4,21.075,S,Third,woman,False,Southampton,no,False,-0.024270581385404912,-0.22177533920319834
0,3,male,28.0,0,0,7.2292,C,Third,man,True,Cherbourg,no,True,-0.10128291979289035,-0.5003768543168081
1,3,male,32.0,0,0,7.8542,S,Third,man,True,Southampton,yes,True,0.20676643383705137,-0.48780077009299977
1,2,male,62.0,0,0,10.5,S,Second,man,True,Southampton,yes,True,2.5171365860616146,-0.4345626842700362
1,1,female,53.0,2,0,51.4792,S,First,woman,False,Southampton,yes,False,1.8240255403942454,0.39000990872882546
1,1,male,36.0,0,0,26.3875,S,First,man,True,Southampton,yes,True,0.5148157874669931,-0.11487862330082707
1,3,female,28.0,0,0,7.75,Q,Third,woman,False,Queenstown,yes,True,-0.10128291979289035,-0.4898974548547931
0,3,male,16.0,0,0,8.05,S,Third,man,True,Southampton,no,True,-1.0254309806827155,-0.48386093442736505
0,3,male,19.0,0,0,14.5,S,Third,man,True,Southampton,no,True,-0.7943939654602592,-0.3540757452376625
1,2,female,34.0,0,0,13.0,S,Second,woman,False,Southampton,yes,True,0.36079111065202224,-0.38425834737480263
1,1,female,39.0,1,0,55.9,S,First,woman,False,Southampton,yes,False,0.7458528026894494,0.4789640737474048
0,3,female,28.0,1,0,14.4583,C,Third,woman,False,Cherbourg,no,False,-0.10128291979289035,-0.354914821577075
1,3,male,32.0,0,0,7.925,S,Third,man,True,Southampton,yes,True,0.20676643383705137,-0.4863761512721267
1,2,female,25.0,1,1,30.0,S,Second,woman,False,Southampton,yes,False,-0.3323199350153466,-0.04218885648721459
1,1,female,39.0,1,1,110.8833,C,First,woman,False,Cherbourg,yes,False,0.7458528026894494,1.5853234524720827
0,2,male,54.0,0,0,26.0,S,Second,man,True,Southampton,no,True,1.9010378788017308,-0.12267579551958825
0,1,male,36.0,0,0,40.125,C,First,man,True,Cherbourg,no,True,0.5148157874669931,0.16154370793848125
0,3,male,28.0,0,0,8.7125,C,Third,man,True,Cherbourg,no,True,-0.10128291979289035,-0.4705302851501282
1,1,female,18.0,0,2,79.65,S,First,woman,False,Southampton,yes,False,-0.8714063038677446,0.9568552742521236
0,2,male,47.0,0,0,15.0,S,Second,man,True,Southampton,no,True,1.361951509949333,-0.3440148778586158
1,1,male,60.0,1,1,79.2,C,First,man,True,Cherbourg,yes,False,2.3631119092466433,0.9478004936109815
0,3,male,22.0,0,0,8.05,S,Third,man,True,Southampton,no,True,-0.563356950237803,-0.48386093442736505
0,3,male,28.0,0,0,8.05,S,Third,man,True,Southampton,no,True,-0.10128291979289035,-0.48386093442736505
0,3,male,35.0,0,0,7.125,S,Third,man,True,Southampton,no,True,0.4378034490595077,-0.5024735390786015
1,1,female,52.0,1,0,78.2667,C,First,woman,False,Cherbourg,yes,False,1.74701320198676,0.9290208785612528
0,3,male,47.0,0,0,7.25,S,Third,man,True,Southampton,no,True,1.361951509949333,-0.4999583222338398
0,3,female,28.0,0,2,7.75,Q,Third,woman,False,Queenstown,no,False,-0.10128291979289035,-0.4898974548547931
0,2,male,37.0,1,0,26.0,S,Second,man,True,Southampton,no,False,0.5918281258744785,-0.12267579551958825
0,3,male,36.0,1,1,24.15,S,Third,man,True,Southampton,no,False,0.5148157874669931,-0.1599010048220611
1,2,female,28.0,0,0,33.0,S,Second,woman,False,Southampton,yes,True,-0.10128291979289035,0.01817634778706565
0,3,male,49.0,0,0,0.0,S,Third,man,True,Southampton,no,True,1.5159761867643038,-0.6458408992300171
0,3,male,28.0,0,0,7.225,C,Third,man,True,Cherbourg,no,True,-0.10128291979289035,-0.5004613656027921
1,1,male,49.0,1,0,56.9292,C,First,man,True,Cherbourg,yes,False,1.5159761867643038,0.49967336316043465
1,2,female,24.0,2,1,27.0,S,Second,woman,False,Southampton,yes,False,-0.40933227342283207,-0.10255406076149484
0,3,male,28.0,0,0,7.8958,S,Third,man,True,Southampton,no,True,-0.10128291979289035,-0.486963705927063
0,1,male,28.0,0,0,42.4,S,First,man,True,Southampton,no,True,-0.10128291979289035,0.20732065451314372
0,3,male,44.0,0,0,8.05,S,Third,man,True,Southampton,no,True,1.1309144947268766,-0.48386093442736505
1,1,male,35.0,0,0,26.55,C,First,man,True,Cherbourg,yes,True,0.4378034490595077,-0.11160884140263685
0,3,male,36.0,1,0,15.55,S,Third,man,True,Southampton,no,False,0.5148157874669931,-0.33294792374166443
0,3,male,30.0,0,0,7.8958,S,Third,man,True,Southampton,no,True,0.05274175702208052,-0.486963705927063
1,1,male,27.0,0,0,30.5,S,First,man,True,Southampton,yes,True,-0.17829525820037578,-0.03212798910816789
1,2,female,22.0,1,2,41.5792,C,Second,woman,False,Cherbourg,yes,False,-0.563356950237803,0.19080473462370068
1,1,female,40.0,0,0,153.4625,S,First,woman,False,Southampton,yes,True,0.8228651410969349,2.4420908210838936
0,3,female,39.0,1,5,31.275,S,Third,woman,False,Southampton,no,False,0.7458528026894494,-0.016533644670645515
0,3,male,28.0,0,0,7.05,S,Third,man,True,Southampton,no,True,-0.10128291979289035,-0.5039826691854584
1,3,female,28.0,1,0,15.5,Q,Third,woman,False,Queenstown,yes,False,-0.10128291979289035,-0.33395401047956913
0,3,male,28.0,0,0,7.75,Q,Third,man,True,Queenstown,no,True,-0.10128291979289035,-0.4898974548547931
0,3,male,35.0,0,0,8.05,S,Third,man,True,Southampton,no,True,0.4378034490595077,-0.48386093442736505
1,2,female,24.0,1,2,65.0,S,Second,woman,False,Southampton,yes,False,-0.40933227342283207,0.6620718600460549
0,3,male,34.0,1,1,14.4,S,Third,man,True,Southampton,no,False,0.36079111065202224,-0.3560879187134719
0,3,female,26.0,1,0,16.1,S,Third,woman,False,Southampton,no,False,-0.25530759660786123,-0.321880969624713
1,2,female,4.0,2,1,39.0,S,Second,child,False,Southampton,yes,False,-1.9495790415725407,0.13890675633562613
0,2,male,26.0,0,0,10.5,S,Second,man,True,Southampton,no,True,-0.25530759660786123,-0.4345626842700362
0,3,male,27.0,1,0,14.4542,C,Third,man,True,Cherbourg,no,False,-0.17829525820037578,-0.3549973206895832
1,1,male,42.0,1,0,52.5542,S,First,man,True,Southampton,yes,False,0.9768898179119057,0.41164077359377593
1,3,male,20.0,1,1,15.7417,C,Third,man,True,Cherbourg,yes,False,-0.7173816270527738,-0.3290905871885379
0,3,male,21.0,0,0,7.8542,S,Third,man,True,Southampton,no,True,-0.6403692886452884,-0.48780077009299977
0,3,male,21.0,0,0,16.1,S,Third,man,True,Southampton,no,True,-0.6403692886452884,-0.321880969624713
0,1,male,61.0,0,0,32.3208,S,First,man,True,Southampton,no,True,2.4401242476541287,0.004509665539368574
0,2,male,57.0,0,0,12.35,Q,Second,man,True,Queenstown,no,True,2.1320748940241874,-0.39733747496756333
1,1,female,21.0,0,0,77.9583,S,First,woman,False,Southampton,yes,True,-0.6403692886452884,0.9228153355618567
0,3,male,26.0,0,0,7.8958,S,Third,man,True,Southampton,no,True,-0.25530759660786123,-0.486963705927063
0,3,male,28.0,0,0,7.7333,Q,Third,man,True,Queenstown,no,True,-0.10128291979289035,-0.4902334878252532
1,1,male,80.0,0,0,30.0,S,First,man,True,Southampton,yes,True,3.9033586773963522,-0.04218885648721459
0,3,male,51.0,0,0,7.0542,S,Third,man,True,Southampton,no,True,1.6700008635792747,-0.5038981578994745
1,1,male,32.0,0,0,30.5,C,First,man,True,Cherbourg,yes,True,0.20676643383705137,-0.03212798910816789
0,1,male,28.0,0,0,0.0,S,First,man,True,Southampton,no,True,-0.10128291979289035,-0.6458408992300171
0,3,female,9.0,3,2,27.9,S,Third,child,False,Southampton,no,False,-1.5645173495351135,-0.08444449947921079
1,2,female,28.0,0,0,13.0,S,Second,woman,False,Southampton,yes,True,-0.10128291979289035,-0.38425834737480263
0,3,male,32.0,0,0,7.925,S,Third,man,True,Southampton,no,True,0.20676643383705137,-0.4863761512721267
0,2,male,31.0,1,1,26.25,S,Second,man,True,Southampton,no,False,0.12975409542956595,-0.1176453618300649
0,3,female,41.0,0,5,39.6875,S,Third,woman,False,Southampton,no,False,0.8998774795044203,0.15274044898181535
0,3,male,28.0,1,0,16.1,S,Third,man,True,Southampton,no,False,-0.10128291979289035,-0.321880969624713
0,3,male,20.0,0,0,7.8542,S,Third,man,True,Southampton,no,True,-0.7173816270527738,-0.48780077009299977
1,1,female,24.0,0,0,69.3,C,First,woman,False,Cherbourg,yes,True,-0.40933227342283207,0.7485953195058566
0,3,female,2.0,3,2,27.9,S,Third,child,False,Southampton,no,False,-2.1036037183875114,-0.08444449947921079
1,3,male,28.0,0,0,56.4958,S,Third,man,True,Southampton,yes,True,-0.10128291979289035,0.49095260331627694
1,3,female,0.75,2,1,19.2583,C,Third,child,False,Cherbourg,yes,False,-2.1998691413968685,-0.25833049473822667
1,1,male,48.0,1,0,76.7292,C,First,man,True,Cherbourg,yes,False,1.4389638483568183,0.8980837113706843
0,3,male,19.0,0,0,7.8958,S,Third,man,True,Southampton,no,True,-0.7943939654602592,-0.486963705927063
1,1,male,56.0,0,0,35.5,C,First,man,True,Cherbourg,yes,True,2.055062555616702,0.06848068468229919
0,3,male,28.0,0,0,7.55,S,Third,man,True,Southampton,no,True,-0.10128291979289035,-0.49392180180641176
1,3,female,23.0,0,0,7.55,S,Third,woman,False,Southampton,yes,True,-0.4863446118303175,-0.49392180180641176
0,3,male,28.0,0,0,7.8958,S,Third,man,True,Southampton,no,True,-0.10128291979289035,-0.486963705927063
1,2,female,18.0,0,1,23.0,S,Second,woman,False,Southampton,yes,False,-0.8714063038677446,-0.18304099979386848
0,3,male,21.0,0,0,8.4333,S,Third,man,True,Southampton,no,True,-0.6403692886452884,-0.4761482734945879
1,3,female,28.0,0,0,7.8292,Q,Third,woman,False,Queenstown,yes,True,-0.10128291979289035,-0.48830381346195206
0,3,female,18.0,0,0,6.75,Q,Third,woman,False,Queenstown,no,True,-0.8714063038677446,-0.5100191896128865
0,2,male,24.0,2,0,73.5,S,Second,man,True,Southampton,no,False,-0.40933227342283207,0.8331066054898489
0,3,male,28.0,0,0,7.8958,S,Third,man,True,Southampton,no,True,-0.10128291979289035,-0.486963705927063
0,3,female,32.0,1,1,15.5,Q,Third,woman,False,Queenstown,no,False,0.20676643383705137,-0.33395401047956913
0,2,male,23.0,0,0,13.0,S,Second,man,True,Southampton,no,True,-0.4863446118303175,-0.38425834737480263
0,1,male,58.0,0,2,113.275,C,First,man,True,Cherbourg,no,False,2.209087232431673,1.6334486054930144
1,1,male,50.0,2,0,133.65,S,First,man,True,Southampton,yes,False,1.5929885251717892,2.043428951189168
0,3,male,40.0,0,0,7.225,C,Third,man,True,Cherbourg,no,True,0.8228651410969349,-0.5004613656027921
0,1,male,47.0,0,0,25.5875,S,First,man,True,Southampton,no,True,1.361951509949333,-0.1309760111073018
0,3,male,36.0,0,0,7.4958,S,Third,man,True,Southampton,no,True,0.5148157874669931,-0.49501239983030043
1,3,male,20.0,1,0,7.925,S,Third,man,True,Southampton,yes,False,-0.7173816270527738,-0.4863761512721267
0,2,male,32.0,2,0,73.5,S,Second,man,True,Southampton,no,False,0.20676643383705137,0.8331066054898489
0,2,male,25.0,0,0,13.0,S,Second,man,True,Southampton,no,True,-0.3323199350153466,-0.38425834737480263
0,3,male,28.0,0,0,7.775,S,Third,man,True,Southampton,no,True,-0.10128291979289035,-0.4893944114858408
0,3,male,43.0,0,0,8.05,S,Third,man,True,Southampton,no,True,1.053902156319391,-0.48386093442736505
1,1,female,28.0,1,0,52.0,S,First,woman,False,Southampton,yes,False,-0.10128291979289035,0.40048930819084055
1,2,female,40.0,1,1,39.0,S,Second,woman,False,Southampton,yes,False,0.8228651410969349,0.13890675633562613
0,1,male,31.0,1,0,52.0,S,First,man,True,Southampton,no,False,0.12975409542956595,0.40048930819084055
0,2,male,70.0,0,0,10.5,S,Second,man,True,Southampton,no,True,3.133235293321498,-0.4345626842700362
1,2,male,31.0,0,0,13.0,S,Second,man,True,Southampton,yes,True,0.12975409542956595,-0.38425834737480263
0,2,male,28.0,0,0,0.0,S,Second,man,True,Southampton,no,True,-0.10128291979289035,-0.6458408992300171
0,3,male,18.0,0,0,7.775,S,Third,man,True,Southampton,no,True,-0.8714063038677446,-0.4893944114858408
0,3,male,24.5,0,0,8.05,S,Third,man,True,Southampton,no,True,-0.37082610421908935,-0.48386093442736505
1,3,female,18.0,0,0,9.8417,S,Third,woman,False,Southampton,yes,True,-0.8714063038677446,-0.4478088222612891
0,3,female,43.0,1,6,46.9,S,Third,woman,False,Southampton,no,False,1.053902156319391,0.2978684609245641
1,1,male,36.0,0,1,512.3292,C,First,man,True,Cherbourg,yes,False,0.5148157874669931,9.663111371996175
0,3,female,28.0,0,0,8.1375,Q,Third,woman,False,Queenstown,no,True,-0.10128291979289035,-0.4821002826360319
1,1,male,27.0,0,0,76.7292,C,First,man,True,Cherbourg,yes,True,-0.17829525820037578,0.8980837113706843
0,3,male,20.0,0,0,9.225,S,Third,man,True,Southampton,no,True,-0.7173816270527738,-0.46021789608660524
0,3,male,14.0,5,2,46.9,S,Third,child,False,Southampton,no,False,-1.1794556574976864,0.2978684609245641
0,2,male,60.0,1,1,39.0,S,Second,man,True,Southampton,no,False,2.3631119092466433,0.13890675633562613
0,2,male,25.0,1,2,41.5792,C,Second,man,True,Cherbourg,no,False,-0.3323199350153466,0.19080473462370068
0,3,male,14.0,4,1,39.6875,S,Third,child,False,Southampton,no,False,-1.1794556574976864,0.15274044898181535
0,3,male,19.0,0,0,10.1708,S,Third,man,True,Southampton,no,True,-0.7943939654602592,-0.44118675935240054
0,3,male,18.0,0,0,7.7958,S,Third,man,True,Southampton,no,True,-0.8714063038677446,-0.4889758794028724
1,1,female,15.0,0,1,211.3375,S,First,child,False,Southampton,yes,False,-1.102443319090201,3.60663622020855
1,1,male,31.0,1,0,57.0,S,First,man,True,Southampton,yes,False,0.12975409542956595,0.5010979819813076
1,3,female,4.0,0,1,13.4167,C,Third,child,False,Cherbourg,yes,False,-1.9495790415725407,-0.3758736205011051
1,3,male,28.0,0,0,56.4958,S,Third,man,True,Southampton,yes,True,-0.10128291979289035,0.49095260331627694
0,3,male,25.0,0,0,7.225,C,Third,man,True,Cherbourg,no,True,-0.3323199350153466,-0.5004613656027921
0,1,male,60.0,0,0,26.55,S,First,man,True,Southampton,no,True,2.3631119092466433,-0.11160884140263685
0,2,male,52.0,0,0,13.5,S,Second,man,True,Southampton,no,True,1.74701320198676,-0.3741974799957559
0,3,male,44.0,0,0,8.05,S,Third,man,True,Southampton,no,True,1.1309144947268766,-0.48386093442736505
1,3,female,28.0,0,0,7.7333,Q,Third,woman,False,Queenstown,yes,True,-0.10128291979289035,-0.4902334878252532
0,1,male,49.0,1,1,110.8833,C,First,man,True,Cherbourg,no,False,1.5159761867643038,1.5853234524720827
0,3,male,42.0,0,0,7.65,S,Third,man,True,Southampton,no,True,0.9768898179119057,-0.4919096283306024
1,1,female,18.0,1,0,227.525,C,First,woman,False,Cherbourg,yes,False,-0.8714063038677446,3.932356801605187
1,1,male,35.0,0,0,26.2875,S,First,man,True,Southampton,yes,True,0.4378034490595077,-0.11689079677663637
0,3,female,18.0,0,1,14.4542,C,Third,woman,False,Cherbourg,no,False,-0.8714063038677446,-0.3549973206895832
0,3,male,25.0,0,0,7.7417,Q,Third,man,True,Queenstown,no,True,-0.3323199350153466,-0.49006446525328523
0,3,male,26.0,1,0,7.8542,S,Third,man,True,Southampton,no,False,-0.25530759660786123,-0.48780077009299977
0,2,male,39.0,0,0,26.0,S,Second,man,True,Southampton,no,True,0.7458528026894494,-0.12267579551958825
1,2,female,45.0,0,0,13.5,S,Second,woman,False,Southampton,yes,True,1.207926833134362,-0.3741974799957559
1,1,male,42.0,0,0,26.2875,S,First,man,True,Southampton,yes,True,0.9768898179119057,-0.11689079677663637
1,1,female,22.0,0,0,151.55,S,First,woman,False,Southampton,yes,True,-0.563356950237803,2.40360800335904
1,3,male,28.0,1,1,15.2458,C,Third,man,True,Cherbourg,yes,False,-0.10128291979289035,-0.3390689554550765
1,1,female,24.0,0,0,49.5042,C,First,woman,False,Cherbourg,yes,True,-0.40933227342283207,0.3502694825815909
0,1,male,28.0,0,0,26.55,S,First,man,True,Southampton,no,True,-0.10128291979289035,-0.11160884140263685
1,1,male,48.0,1,0,52.0,S,First,man,True,Southampton,yes,False,1.4389638483568183,0.40048930819084055
0,3,male,29.0,0,0,9.4833,S,Third,man,True,Southampton,no,True,-0.024270581385404912,-0.45502045199858976
0,2,male,52.0,0,0,13.0,S,Second,man,True,Southampton,no,True,1.74701320198676,-0.38425834737480263
0,3,male,19.0,0,0,7.65,S,Third,man,True,Southampton,no,True,-0.7943939654602592,-0.4919096283306024
1,1,female,38.0,0,0,227.525,C,First,woman,False,Cherbourg,yes,True,0.668840464281964,3.932356801605187
1,2,female,27.0,0,0,10.5,S,Second,woman,False,Southampton,yes,True,-0.17829525820037578,-0.4345626842700362
0,3,male,28.0,0,0,15.5,Q,Third,man,True,Queenstown,no,True,-0.10128291979289035,-0.33395401047956913
0,3,male,33.0,0,0,7.775,S,Third,man,True,Southampton,no,True,0.2837787722445368,-0.4893944114858408
1,2,female,6.0,0,1,33.0,S,Second,child,False,Southampton,yes,False,-1.7955543647575698,0.01817634778706565
0,3,male,17.0,1,0,7.0542,S,Third,man,True,Southampton,no,False,-0.9484186422752301,-0.5038981578994745
0,2,male,34.0,0,0,13.0,S,Second,man,True,Southampton,no,True,0.36079111065202224,-0.38425834737480263
0,2,male,50.0,0,0,13.0,S,Second,man,True,Southampton,no,True,1.5929885251717892,-0.38425834737480263
1,1,male,27.0,1,0,53.1,S,First,man,True,Southampton,yes,False,-0.17829525820037578,0.4226232164247433
0,3,male,20.0,0,0,8.6625,S,Third,man,True,Southampton,no,True,-0.7173816270527738,-0.4715363718880328
1,2,female,30.0,3,0,21.0,S,Second,woman,False,Southampton,yes,False,0.05274175702208052,-0.22328446931005533
1,3,female,28.0,0,0,7.7375,Q,Third,woman,False,Queenstown,yes,True,-0.10128291979289035,-0.4901489765392692
0,2,male,25.0,1,0,26.0,S,Second,man,True,Southampton,no,False,-0.3323199350153466,-0.12267579551958825
0,3,female,25.0,1,0,7.925,S,Third,woman,False,Southampton,no,False,-0.3323199350153466,-0.4863761512721267
1,1,female,29.0,0,0,211.3375,S,First,woman,False,Southampton,yes,True,-0.024270581385404912,3.60663622020855
0,3,male,11.0,0,0,18.7875,C,Third,child,False,Cherbourg,no,True,-1.4104926727201428,-0.26780380746233695
0,2,male,28.0,0,0,0.0,S,Second,man,True,Southampton,no,True,-0.10128291979289035,-0.6458408992300171
0,2,male,23.0,0,0,13.0,S,Second,man,True,Southampton,no,True,-0.4863446118303175,-0.38425834737480263
0,2,male,23.0,0,0,13.0,S,Second,man,True,Southampton,no,True,-0.4863446118303175,-0.38425834737480263
0,3,male,28.5,0,0,16.1,S,Third,man,True,Southampton,no,True,-0.06277675058914763,-0.321880969624713
0,3,female,48.0,1,3,34.375,S,Third,woman,False,Southampton,no,False,1.4389638483568183,0.045843733079444095
1,1,male,35.0,0,0,512.3292,C,First,man,True,Cherbourg,yes,True,0.4378034490595077,9.663111371996175
0,3,male,28.0,0,0,7.8958,S,Third,man,True,Southampton,no,True,-0.10128291979289035,-0.486963705927063
0,3,male,28.0,0,0,7.8958,S,Third,man,True,Southampton,no,True,-0.10128291979289035,-0.486963705927063
1,1,male,28.0,0,0,30.0,S,First,man,True,Southampton,yes,True,-0.10128291979289035,-0.04218885648721459
0,1,male,36.0,1,0,78.85,S,First,man,True,Southampton,no,False,0.5148157874669931,0.9407578864456486
1,1,female,21.0,2,2,262.375,C,First,woman,False,Cherbourg,yes,False,-0.6403692886452884,4.633599257924742
0,3,male,24.0,1,0,16.1,S,Third,man,True,Southampton,no,False,-0.40933227342283207,-0.321880969624713
1,3,male,31.0,0,0,7.925,S,Third,man,True,Southampton,yes,True,0.12975409542956595,-0.4863761512721267
0,1,male,70.0,1,1,71.0,S,First,man,True,Southampton,no,False,3.133235293321498,0.7828022685946154
0,3,male,16.0,1,1,20.25,S,Third,man,True,Southampton,no,False,-1.0254309806827155,-0.2383757703786254
1,2,female,30.0,0,0,13.0,S,Second,woman,False,Southampton,yes,True,0.05274175702208052,-0.38425834737480263
0,1,male,19.0,1,0,53.1,S,First,man,True,Southampton,no,False,-0.7943939654602592,0.4226232164247433
0,3,male,31.0,0,0,7.75,Q,Third,man,True,Queenstown,no,True,0.12975409542956595,-0.4898974548547931
1,2,female,4.0,1,1,23.0,S,Second,child,False,Southampton,yes,False,-1.9495790415725407,-0.18304099979386848
1,3,male,6.0,0,1,12.475,S,Third,child,False,Southampton,yes,False,-1.7955543647575698,-0.39482225812280164
0,3,male,33.0,0,0,9.5,S,Third,man,True,Southampton,no,True,0.2837787722445368,-0.4546844190281296
0,3,male,23.0,0,0,7.8958,S,Third,man,True,Southampton,no,True,-0.4863446118303175,-0.486963705927063
1,2,female,48.0,1,2,65.0,S,Second,woman,False,Southampton,yes,False,1.4389638483568183,0.6620718600460549
1,2,male,0.67,1,1,14.5,S,Second,child,False,Southampton,yes,False,-2.206030128469467,-0.3540757452376625
0,3,male,28.0,0,0,7.7958,S,Third,man,True,Southampton,no,True,-0.10128291979289035,-0.4889758794028724
0,2,male,18.0,0,0,11.5,S,Second,man,True,Southampton,no,True,-0.8714063038677446,-0.41444094951194277
0,3,male,34.0,0,0,8.05,S,Third,man,True,Southampton,no,True,0.36079111065202224,-0.48386093442736505
1,1,female,33.0,0,0,86.5,S,First,woman,False,Southampton,yes,True,0.2837787722445368,1.0946891573450634
0,3,male,28.0,0,0,14.5,S,Third,man,True,Southampton,no,True,-0.10128291979289035,-0.3540757452376625
0,3,male,41.0,0,0,7.125,S,Third,man,True,Southampton,no,True,0.8998774795044203,-0.5024735390786015
1,3,male,20.0,0,0,7.2292,C,Third,man,True,Cherbourg,yes,True,-0.7173816270527738,-0.5003768543168081
1,1,female,36.0,1,2,120.0,S,First,woman,False,Southampton,yes,False,0.5148157874669931,1.7687672717411926
0,3,male,16.0,0,0,7.775,S,Third,man,True,Southampton,no,True,-1.0254309806827155,-0.4893944114858408
1,1,female,51.0,1,0,77.9583,S,First,woman,False,Southampton,yes,False,1.6700008635792747,0.9228153355618567
0,1,male,28.0,0,0,39.6,C,First,man,True,Cherbourg,no,True,-0.10128291979289035,0.1509797971904822
0,3,female,30.5,0,0,7.75,Q,Third,woman,False,Queenstown,no,True,0.09124792622582323,-0.4898974548547931
0,3,male,28.0,1,0,24.15,Q,Third,man,True,Queenstown,no,False,-0.10128291979289035,-0.1599010048220611
0,3,male,32.0,0,0,8.3625,S,Third,man,True,Southampton,no,True,0.20676643383705137,-0.47757289231546085
0,3,male,24.0,0,0,9.5,S,Third,man,True,Southampton,no,True,-0.40933227342283207,-0.4546844190281296
0,3,male,48.0,0,0,7.8542,S,Third,man,True,Southampton,no,True,1.4389638483568183,-0.48780077009299977
0,2,female,57.0,0,0,10.5,S,Second,woman,False,Southampton,no,True,2.1320748940241874,-0.4345626842700362
0,3,male,28.0,0,0,7.225,C,Third,man,True,Cherbourg,no,True,-0.10128291979289035,-0.5004613656027921
1,2,female,54.0,1,3,23.0,S,Second,woman,False,Southampton,yes,False,1.9010378788017308,-0.18304099979386848
0,3,male,18.0,0,0,7.75,S,Third,man,True,Southampton,no,True,-0.8714063038677446,-0.4898974548547931
0,3,male,28.0,0,0,7.75,Q,Third,man,True,Queenstown,no,True,-0.10128291979289035,-0.4898974548547931
1,3,female,5.0,0,0,12.475,S,Third,child,False,Southampton,yes,True,-1.8725667031650552,-0.39482225812280164
0,3,male,28.0,0,0,7.7375,Q,Third,man,True,Queenstown,no,True,-0.10128291979289035,-0.4901489765392692
1,1,female,43.0,0,1,211.3375,S,First,woman,False,Southampton,yes,False,1.053902156319391,3.60663622020855
1,3,female,13.0,0,0,7.2292,C,Third,child,False,Cherbourg,yes,True,-1.2564679959051719,-0.5003768543168081
1,1,female,17.0,1,0,57.0,S,First,woman,False,Southampton,yes,False,-0.9484186422752301,0.5010979819813076
0,1,male,29.0,0,0,30.0,S,First,man,True,Southampton,no,True,-0.024270581385404912,-0.04218885648721459
0,3,male,28.0,1,2,23.45,S,Third,man,True,Southampton,no,False,-0.10128291979289035,-0.17398621915272647
0,3,male,25.0,0,0,7.05,S,Third,man,True,Southampton,no,True,-0.3323199350153466,-0.5039826691854584
0,3,male,25.0,0,0,7.25,S,Third,man,True,Southampton,no,True,-0.3323199350153466,-0.4999583222338398
1,3,female,18.0,0,0,7.4958,S,Third,woman,False,Southampton,yes,True,-0.8714063038677446,-0.49501239983030043
0,3,male,8.0,4,1,29.125,Q,Third,child,False,Queenstown,no,False,-1.641529687942599,-0.05979537440054633
1,3,male,1.0,1,2,20.575,S,Third,child,False,Southampton,yes,False,-2.180616056794997,-0.23183620658224505
0,1,male,46.0,0,0,79.2,C,First,man,True,Cherbourg,no,True,1.2849391715418474,0.9478004936109815
0,3,male,28.0,0,0,7.75,Q,Third,man,True,Queenstown,no,True,-0.10128291979289035,-0.4898974548547931
0,2,male,16.0,0,0,26.0,S,Second,man,True,Southampton,no,True,-1.0254309806827155,-0.12267579551958825
0,3,female,28.0,8,2,69.55,S,Third,woman,False,Southampton,no,False,-0.10128291979289035,0.7536257531953799
0,1,male,28.0,0,0,30.6958,C,First,man,True,Cherbourg,no,True,-0.10128291979289035,-0.028188153442533226
0,3,male,25.0,0,0,7.8958,S,Third,man,True,Southampton,no,True,-0.3323199350153466,-0.486963705927063
0,2,male,39.0,0,0,13.0,S,Second,man,True,Southampton,no,True,0.7458528026894494,-0.38425834737480263
1,1,female,49.0,0,0,25.9292,S,First,woman,False,Southampton,yes,True,1.5159761867643038,-0.12410041434046123
1,3,female,31.0,0,0,8.6833,S,Third,woman,False,Southampton,yes,True,0.12975409542956595,-0.4711178398050645
0,3,male,30.0,0,0,7.2292,C,Third,man,True,Cherbourg,no,True,0.05274175702208052,-0.5003768543168081
0,3,female,30.0,1,1,24.15,S,Third,woman,False,Southampton,no,False,0.05274175702208052,-0.1599010048220611
0,2,male,34.0,0,0,13.0,S,Second,man,True,Southampton,no,True,0.36079111065202224,-0.38425834737480263
1,2,female,31.0,1,1,26.25,S,Second,woman,False,Southampton,yes,False,0.12975409542956595,-0.1176453618300649
1,1,male,11.0,1,2,120.0,S,First,child,False,Southampton,yes,False,-1.4104926727201428,1.7687672717411926
1,3,male,0.42,0,1,8.5167,C,Third,child,False,Cherbourg,yes,False,-2.2252832130713385,-0.47447012081576284
1,3,male,27.0,0,0,6.975,S,Third,man,True,Southampton,yes,True,-0.17829525820037578,-0.5054917992923155
0,3,male,31.0,0,0,7.775,S,Third,man,True,Southampton,no,True,0.12975409542956595,-0.4893944114858408
0,1,male,39.0,0,0,0.0,S,First,man,True,Southampton,no,True,0.7458528026894494,-0.6458408992300171
0,3,female,18.0,0,0,7.775,S,Third,woman,False,Southampton,no,True,-0.8714063038677446,-0.4893944114858408
0,2,male,39.0,0,0,13.0,S,Second,man,True,Southampton,no,True,0.7458528026894494,-0.38425834737480263
1,1,female,33.0,1,0,53.1,S,First,woman,False,Southampton,yes,False,0.2837787722445368,0.4226232164247433
0,3,male,26.0,0,0,7.8875,S,Third,man,True,Southampton,no,True,-0.25530759660786123,-0.4871307163255552
0,3,male,39.0,0,0,24.15,S,Third,man,True,Southampton,no,True,0.7458528026894494,-0.1599010048220611
0,2,male,35.0,0,0,10.5,S,Second,man,True,Southampton,no,True,0.4378034490595077,-0.4345626842700362
0,3,female,6.0,4,2,31.275,S,Third,child,False,Southampton,no,False,-1.7955543647575698,-0.016533644670645515
0,3,male,30.5,0,0,8.05,S,Third,man,True,Southampton,no,True,0.09124792622582323,-0.48386093442736505
0,1,male,28.0,0,0,0.0,S,First,man,True,Southampton,no,True,-0.10128291979289035,-0.6458408992300171
0,3,female,23.0,0,0,7.925,S,Third,woman,False,Southampton,no,True,-0.4863446118303175,-0.4863761512721267
0,2,male,31.0,1,1,37.0042,C,Second,man,True,Cherbourg,no,False,0.12975409542956595,0.09874779810542325
0,3,male,43.0,0,0,6.45,S,Third,man,True,Southampton,no,True,1.053902156319391,-0.5160557100403145
0,3,male,10.0,3,2,27.9,S,Third,child,False,Southampton,no,False,-1.487505011127628,-0.08444449947921079
1,1,female,52.0,1,1,93.5,S,First,woman,False,Southampton,yes,False,1.74701320198676,1.2355413006517173
1,3,male,27.0,0,0,8.6625,S,Third,man,True,Southampton,yes,True,-0.17829525820037578,-0.4715363718880328
0,1,male,38.0,0,0,0.0,S,First,man,True,Southampton,no,True,0.668840464281964,-0.6458408992300171
1,3,female,27.0,0,1,12.475,S,Third,woman,False,Southampton,yes,False,-0.17829525820037578,-0.39482225812280164
0,3,male,2.0,4,1,39.6875,S,Third,child,False,Southampton,no,False,-2.1036037183875114,0.15274044898181535
0,3,male,28.0,0,0,6.95,Q,Third,man,True,Queenstown,no,True,-0.10128291979289035,-0.5059948426612678
0,3,male,28.0,0,0,56.4958,S,Third,man,True,Southampton,no,True,-0.10128291979289035,0.49095260331627694
1,2,male,1.0,0,2,37.0042,C,Second,child,False,Cherbourg,yes,False,-2.180616056794997,0.09874779810542325
1,3,male,28.0,0,0,7.75,Q,Third,man,True,Queenstown,yes,True,-0.10128291979289035,-0.4898974548547931
1,3,female,15.0,1,0,14.4542,C,Third,child,False,Cherbourg,yes,False,-1.102443319090201,-0.3549973206895832
1,2,male,0.83,1,1,18.75,S,Second,child,False,Southampton,yes,False,-2.19370815432427,-0.26855837251576553
0,3,male,28.0,0,0,7.2292,C,Third,man,True,Cherbourg,no,True,-0.10128291979289035,-0.5003768543168081
0,3,male,23.0,0,0,7.8542,S,Third,man,True,Southampton,no,True,-0.4863446118303175,-0.48780077009299977
0,3,male,18.0,0,0,8.3,S,Third,man,True,Southampton,no,True,-0.8714063038677446,-0.47883050073784167
1,1,female,39.0,1,1,83.1583,C,First,woman,False,Cherbourg,yes,False,0.7458528026894494,1.0274483563039425
0,3,male,21.0,0,0,8.6625,S,Third,man,True,Southampton,no,True,-0.6403692886452884,-0.4715363718880328
0,3,male,28.0,0,0,8.05,S,Third,man,True,Southampton,no,True,-0.10128291979289035,-0.48386093442736505
1,3,male,32.0,0,0,56.4958,S,Third,man,True,Southampton,yes,True,0.20676643383705137,0.49095260331627694
1,1,male,28.0,0,0,29.7,C,First,man,True,Cherbourg,yes,True,-0.10128291979289035,-0.04822537691464263
0,3,male,20.0,0,0,7.925,S,Third,man,True,Southampton,no,True,-0.7173816270527738,-0.4863761512721267
0,2,male,16.0,0,0,10.5,S,Second,man,True,Southampton,no,True,-1.0254309806827155,-0.4345626842700362
1,1,female,30.0,0,0,31.0,C,First,woman,False,Cherbourg,yes,True,0.05274175702208052,-0.022067121729121175
0,3,male,34.5,0,0,6.4375,C,Third,man,True,Cherbourg,no,True,0.39929727985576496,-0.5163072317247906
0,3,male,17.0,0,0,8.6625,S,Third,man,True,Southampton,no,True,-0.9484186422752301,-0.4715363718880328
0,3,male,42.0,0,0,7.55,S,Third,man,True,Southampton,no,True,0.9768898179119057,-0.49392180180641176
0,3,male,28.0,8,2,69.55,S,Third,man,True,Southampton,no,False,-0.10128291979289035,0.7536257531953799
0,3,male,35.0,0,0,7.8958,C,Third,man,True,Cherbourg,no,True,0.4378034490595077,-0.486963705927063
0,2,male,28.0,0,1,33.0,S,Second,man,True,Southampton,no,False,-0.10128291979289035,0.01817634778706565
1,1,female,28.0,1,0,89.1042,C,First,woman,False,Cherbourg,yes,False,-0.10128291979289035,1.1470901790020904
0,3,male,4.0,4,2,31.275,S,Third,child,False,Southampton,no,False,-1.9495790415725407,-0.016533644670645515
0,3,male,74.0,0,0,7.775,S,Third,man,True,Southampton,no,True,3.44128464695144,-0.4893944114858408
0,3,female,9.0,1,1,15.2458,C,Third,child,False,Cherbourg,no,False,-1.5645173495351135,-0.3390689554550765
1,1,female,16.0,0,1,39.4,S,First,woman,False,Southampton,yes,False,-1.0254309806827155,0.14695545023886347
0,2,female,44.0,1,0,26.0,S,Second,woman,False,Southampton,no,False,1.1309144947268766,-0.12267579551958825
1,3,female,18.0,0,1,9.35,S,Third,woman,False,Southampton,yes,False,-0.8714063038677446,-0.4577026792418436
1,1,female,45.0,1,1,164.8667,S,First,woman,False,Southampton,yes,False,1.207926833134362,2.6715631086121427
1,1,male,51.0,0,0,26.55,S,First,man,True,Southampton,yes,True,1.6700008635792747,-0.11160884140263685
1,3,female,24.0,0,3,19.2583,C,Third,woman,False,Cherbourg,yes,False,-0.40933227342283207,-0.25833049473822667
0,3,male,28.0,0,0,7.2292,C,Third,man,True,Cherbourg,no,True,-0.10128291979289035,-0.5003768543168081
0,3,male,41.0,2,0,14.1083,S,Third,man,True,Southampton,no,False,0.8998774795044203,-0.3619574287424077
0,2,male,21.0,1,0,11.5,S,Second,man,True,Southampton,no,False,-0.6403692886452884,-0.41444094951194277
1,1,female,48.0,0,0,25.9292,S,First,woman,False,Southampton,yes,True,1.4389638483568183,-0.12410041434046123
0,3,female,28.0,8,2,69.55,S,Third,woman,False,Southampton,no,False,-0.10128291979289035,0.7536257531953799
0,2,male,24.0,0,0,13.0,S,Second,man,True,Southampton,no,True,-0.40933227342283207,-0.38425834737480263
1,2,female,42.0,0,0,13.0,S,Second,woman,False,Southampton,yes,True,0.9768898179119057,-0.38425834737480263
1,2,female,27.0,1,0,13.8583,C,Second,woman,False,Cherbourg,yes,False,-0.17829525820037578,-0.36698786243193104
0,1,male,31.0,0,0,50.4958,S,First,man,True,Southampton,no,True,0.12975409542956595,0.37022219476771645
0,3,male,28.0,0,0,9.5,S,Third,man,True,Southampton,no,True,-0.10128291979289035,-0.4546844190281296
1,3,male,4.0,1,1,11.1333,S,Third,child,False,Southampton,yes,False,-1.9495790415725407,-0.42181958964773564
0,3,male,26.0,0,0,7.8958,S,Third,man,True,Southampton,no,True,-0.25530759660786123,-0.486963705927063
1,1,female,47.0,1,1,52.5542,S,First,woman,False,Southampton,yes,False,1.361951509949333,0.41164077359377593
0,1,male,33.0,0,0,5.0,S,First,man,True,Southampton,no,True,0.2837787722445368,-0.54523222543955
0,3,male,47.0,0,0,9.0,S,Third,man,True,Southampton,no,True,1.361951509949333,-0.4647452864071763
1,2,female,28.0,1,0,24.0,C,Second,woman,False,Cherbourg,yes,False,-0.10128291979289035,-0.16291926503577508
1,3,female,15.0,0,0,7.225,C,Third,child,False,Cherbourg,yes,True,-1.102443319090201,-0.5004613656027921
0,3,male,20.0,0,0,9.8458,S,Third,man,True,Southampton,no,True,-0.7173816270527738,-0.44772632314878086
0,3,male,19.0,0,0,7.8958,S,Third,man,True,Southampton,no,True,-0.7943939654602592,-0.486963705927063
0,3,male,28.0,0,0,7.8958,S,Third,man,True,Southampton,no,True,-0.10128291979289035,-0.486963705927063
1,1,female,56.0,0,1,83.1583,C,First,woman,False,Cherbourg,yes,False,2.055062555616702,1.0274483563039425
1,2,female,25.0,0,1,26.0,S,Second,woman,False,Southampton,yes,False,-0.3323199350153466,-0.12267579551958825
0,3,male,33.0,0,0,7.8958,S,Third,man,True,Southampton,no,True,0.2837787722445368,-0.486963705927063
0,3,female,22.0,0,0,10.5167,S,Third,woman,False,Southampton,no,True,-0.563356950237803,-0.434226651299576
0,2,male,28.0,0,0,10.5,S,Second,man,True,Southampton,no,True,-0.10128291979289035,-0.4345626842700362
0,3,male,25.0,0,0,7.05,S,Third,man,True,Southampton,no,True,-0.3323199350153466,-0.5039826691854584
0,3,female,39.0,0,5,29.125,Q,Third,woman,False,Queenstown,no,False,0.7458528026894494,-0.05979537440054633
0,2,male,27.0,0,0,13.0,S,Second,man,True,Southampton,no,True,-0.17829525820037578,-0.38425834737480263
1,1,female,19.0,0,0,30.0,S,First,woman,False,Southampton,yes,True,-0.7943939654602592,-0.04218885648721459
0,3,female,28.0,1,2,23.45,S,Third,woman,False,Southampton,no,False,-0.10128291979289035,-0.17398621915272647
1,1,male,26.0,0,0,30.0,C,First,man,True,Cherbourg,yes,True,-0.25530759660786123,-0.04218885648721459
0,3,male,32.0,0,0,7.75,Q,Third,man,True,Queenstown,no,True,0.20676643383705137,-0.4898974548547931
